-- phpMyAdmin SQL Dump
-- version 5.1.1
-- https://www.phpmyadmin.net/
--
-- 主机： xy.ydjsir.com.cn:3306
-- 生成日期： 2022-03-31 15:43:38
-- 服务器版本： 8.0.28
-- PHP 版本： 7.4.20

SET SQL_MODE = "NO_AUTO_VALUE_ON_ZERO";
START TRANSACTION;
SET time_zone = "+00:00";


/*!40101 SET @OLD_CHARACTER_SET_CLIENT=@@CHARACTER_SET_CLIENT */;
/*!40101 SET @OLD_CHARACTER_SET_RESULTS=@@CHARACTER_SET_RESULTS */;
/*!40101 SET @OLD_COLLATION_CONNECTION=@@COLLATION_CONNECTION */;
/*!40101 SET NAMES utf8mb4 */;

--
-- 数据库： `se3`
--

-- --------------------------------------------------------

--
-- 表的结构 `additional_report`
--

DROP TABLE IF EXISTS `additional_report`;
CREATE TABLE IF NOT EXISTS `additional_report` (
  `id` bigint UNSIGNED NOT NULL AUTO_INCREMENT,
  `defect_report_id` bigint NOT NULL,
  `test_record_id` bigint NOT NULL,
  `screenshot_path_list` text NOT NULL,
  `description` text NOT NULL,
  `operating_system` enum('WINDOWS','LINUX','MACOS','ANDROID','IOS','IPADOS','OTHER') NOT NULL,
  `device_brand` enum('LENOVO','DELL','HP','ASUS','GIGABYTE','MSI','HUAWEI','XIAOMI','SAMSUNG','APPLE','OPPO','VIVO','ONEPLUS','IQOO','REALME','PIXEL','LG','NOKIA','OTHER') CHARACTER SET utf8mb4 COLLATE utf8mb4_0900_ai_ci NOT NULL,
  `create_time` datetime NOT NULL,
  `user_id` bigint NOT NULL,
  PRIMARY KEY (`id`),
  UNIQUE KEY `id` (`id`),
  KEY `additional_report_report_con` (`defect_report_id`),
  KEY `additional_report_test_record` (`test_record_id`)
) ENGINE=InnoDB AUTO_INCREMENT=27 DEFAULT CHARSET=utf8mb4 COLLATE=utf8mb4_0900_ai_ci;

--
-- 转存表中的数据 `additional_report`
--

INSERT INTO `additional_report` (`id`, `defect_report_id`, `test_record_id`, `screenshot_path_list`, `description`, `operating_system`, `device_brand`, `create_time`, `user_id`) VALUES
(1, 1, 9, '[\"1648729518839/numpy.png\",\"1648729518839/vuepress.png\"]', 'quis nisi enim do', 'LINUX', 'DELL', '2022-03-31 12:25:22', 1),
(2, 2, 1, '[\"1648739828309/numpy.png\",\"1648739828309/vuepress.png\"]', 'sanduashiohq89fehwauidsfg7qi43ewda', 'LINUX', 'DELL', '2022-03-31 15:17:09', 11),
(3, 4, 169, '[\"1648740227515/numpy.png\",\"1648740227515/vuepress.png\"]', 'a8df728qweafdsgvyuaergvzv', 'LINUX', 'DELL', '2022-03-31 15:23:48', 15),
(4, 5, 1, '[\"1648740266267/numpy.png\",\"1648740266267/vuepress.png\"]', 'asasasdacb876yhergvzv', 'WINDOWS', 'MSI', '2022-03-31 15:24:28', 18),
(5, 6, 169, '[\"1648740320703/numpy.png\",\"1648740320703/vuepress.png\"]', 'asasasdacb876yhergvzv', 'WINDOWS', 'MSI', '2022-03-31 15:25:21', 15),
(6, 7, 1, '[\"1648740342985/numpy.png\",\"1648740342985/vuepress.png\"]', '3829dbuego8sfuhdbdzhergvzv', 'WINDOWS', 'MSI', '2022-03-31 15:25:43', 18),
(7, 8, 1, '[\"1648740369351/numpy.png\",\"1648740369351/vuepress.png\"]', '3829xcj8we998fdshergvzv', 'LINUX', 'MSI', '2022-03-31 15:26:10', 15),
(8, 5, 1, '[\"1648740266267/numpy.png\",\"1648740266267/vuepress.png\"]', 'asasasdacb876yhergvzvfwhe7qw4yuiefgdryuea 5gyhwseqEWEAETAdsdf', 'WINDOWS', 'MSI', '2022-03-31 15:24:28', 18),
(9, 6, 169, '[\"1648740320703/numpy.png\",\"1648740320703/vuepress.png\"]', 'asasasdacb876yheraf243 3 wasdsac wgvzv', 'WINDOWS', 'MSI', '2022-03-31 15:25:21', 15),
(10, 7, 1, '[\"1648740342985/numpy.png\",\"1648740342985/vuepress.png\"]', '3829dbuego8sfuhdbd43wegsdvdsfzhergvzv', 'WINDOWS', 'MSI', '2022-03-31 15:25:43', 18),
(11, 5, 1, '[\"1648740266267/numpy.png\",\"1648740266267/vuepress.png\"]', 'asasasdacb876yhergvzv', 'WINDOWS', 'MSI', '2022-03-31 15:24:28', 16),
(12, 6, 169, '[\"1648740320703/numpy.png\",\"1648740320703/vuepress.png\"]', 'asasasdacb876yhergvzv', 'WINDOWS', 'MSI', '2022-03-31 15:25:21', 14),
(13, 6, 169, '[\"1648740320703/numpy.png\",\"1648740320703/vuepress.png\"]', 'asasasdacb876yheraf243 3 wasdsac wgvzv', 'WINDOWS', 'MSI', '2022-03-31 15:25:21', 17),
(14, 7, 1, '[\"1648740342985/numpy.png\",\"1648740342985/vuepress.png\"]', '3829dbuego8sfuhdbd43wegsdvdsfzhergvzv', 'WINDOWS', 'MSI', '2022-03-31 15:25:43', 16),
(15, 2, 1, '[\"1648739828309/numpy.png\",\"1648739828309/vuepress.png\"]', 'sanduashiohq89fehwauidsfg7qi43ewda', 'LINUX', 'DELL', '2022-03-31 15:17:09', 16),
(16, 4, 169, '[\"1648740227515/numpy.png\",\"1648740227515/vuepress.png\"]', 'a8df728qweafdsgvyuaergvzv', 'LINUX', 'DELL', '2022-03-31 15:23:48', 14),
(17, 5, 1, '[\"1648740266267/numpy.png\",\"1648740266267/vuepress.png\"]', 'asasasdacb876yhergvzv', 'WINDOWS', 'MSI', '2022-03-31 15:24:28', 13),
(18, 6, 169, '[\"1648740320703/numpy.png\",\"1648740320703/vuepress.png\"]', 'asasasdacb876yhergvzv', 'WINDOWS', 'MSI', '2022-03-31 15:25:21', 12),
(19, 6, 169, '[\"1648740320703/numpy.png\",\"1648740320703/vuepress.png\"]', 'asasasdacb876yheraf243 3 wasdsac wgvzv', 'WINDOWS', 'MSI', '2022-03-31 15:25:21', 11),
(20, 7, 1, '[\"1648740342985/numpy.png\",\"1648740342985/vuepress.png\"]', '3829dbuego8sfuhdbd43wegsdvdsfzhergvzv', 'WINDOWS', 'MSI', '2022-03-31 15:25:43', 19),
(21, 5, 1, '[\"1648740266267/numpy.png\",\"1648740266267/vuepress.png\"]', 'asasasdacb876yhergvzv', 'WINDOWS', 'MSI', '2022-03-31 15:24:28', 13),
(22, 6, 169, '[\"1648740320703/numpy.png\",\"1648740320703/vuepress.png\"]', 'asasasdacb876yhergvzv', 'WINDOWS', 'MSI', '2022-03-31 15:25:21', 12),
(23, 6, 169, '[\"1648740320703/numpy.png\",\"1648740320703/vuepress.png\"]', 'asasasdacb876yhergvzv', 'WINDOWS', 'MSI', '2022-03-31 15:25:21', 15),
(24, 6, 169, '[\"1648740320703/numpy.png\",\"1648740320703/vuepress.png\"]', 'asasasdacb876yheraf243 3 wasdsac wgvzv', 'WINDOWS', 'MSI', '2022-03-31 15:25:21', 16),
(25, 6, 169, '[\"1648740320703/numpy.png\",\"1648740320703/vuepress.png\"]', 'asasasdacb876yhergvzv', 'WINDOWS', 'MSI', '2022-03-31 15:25:21', 18),
(26, 6, 169, '[\"1648740320703/numpy.png\",\"1648740320703/vuepress.png\"]', 'asasasdacb876yheraf243 3 wasdsac wgvzv', 'WINDOWS', 'MSI', '2022-03-31 15:25:21', 19);

-- --------------------------------------------------------

--
-- 表的结构 `defect_report`
--

DROP TABLE IF EXISTS `defect_report`;
CREATE TABLE IF NOT EXISTS `defect_report` (
  `id` bigint NOT NULL AUTO_INCREMENT,
  `test_record_id` bigint NOT NULL,
  `screenshot_path_list` text NOT NULL,
  `description` text NOT NULL,
  `title` varchar(128) NOT NULL DEFAULT 'title',
  `operating_system` enum('WINDOWS','LINUX','MACOS','ANDROID','IOS','IPADOS','OTHER') CHARACTER SET utf8mb4 COLLATE utf8mb4_0900_ai_ci NOT NULL,
  `device_brand` enum('LENOVO','DELL','HP','ASUS','GIGABYTE','MSI','HUAWEI','XIAOMI','SAMSUNG','APPLE','OPPO','VIVO','ONEPLUS','IQOO','REALME','PIXEL','LG','NOKIA','OTHER') CHARACTER SET utf8mb4 COLLATE utf8mb4_0900_ai_ci NOT NULL,
  `create_time` datetime NOT NULL,
  `status` enum('PENDING','PROCESSING','PASSED','REJECTED') NOT NULL,
  PRIMARY KEY (`id`),
  KEY `TEST_RECORD_ID` (`test_record_id`)
) ENGINE=InnoDB AUTO_INCREMENT=19 DEFAULT CHARSET=utf8mb4 COLLATE=utf8mb4_0900_ai_ci;

--
-- 转存表中的数据 `defect_report`
--

INSERT INTO `defect_report` (`id`, `test_record_id`, `screenshot_path_list`, `description`, `title`, `operating_system`, `device_brand`, `create_time`, `status`) VALUES
(1, 9, '[\"1648729338940/numpy.png\",\"1648729338940/spring.png\"]', 'sasdyuaaisdaidhsa', 'title', 'WINDOWS', 'DELL', '2022-03-31 12:22:19', 'PASSED'),
(2, 1, '[\"1648736349619/numpy.png\",\"1648736349619/spring.png\"]', '大概率复现,功能问题,特殊场景侧漏,验证添加项目时是否显示信息弹出窗口,刷新页面...实际结果：收到 500 错误,预期成绩：应显示确认文本', '验证添加项目发生500错误', 'WINDOWS', 'DELL', '2022-03-31 14:19:10', 'PASSED'),
(3, 1, '[\"1648736385480/numpy.png\",\"1648736385480/spring.png\"]', '大概率复现,功能问题,特殊场景侧漏,按设计实现,验证添加项目时是否显示信息弹出窗口,刷新页面...单击...流程中的下一步...实际结果：收到 404 错误,预期成绩：应显示确认文本', '验证添加项目发生404错误', 'WINDOWS', 'DELL', '2022-03-31 14:19:46', 'PASSED'),
(4, 169, '[\"1648736430003/numpy.png\",\"1648736430003/spring.png\"]', '大概率复现,功能问题,特殊场景侧漏,按设计实现,验证添加项目时是否显示信息弹出窗口,刷新页面...单击...流程中的下一步...实际结果：收到 404 错误,预期成绩：应显示确认文本', '验证添加项目发生404错误', 'WINDOWS', 'DELL', '2022-03-31 14:20:30', 'REJECTED'),
(5, 1, '[\"1648736608113/numpy.png\",\"1648736608113/spring.png\"]', '大概率复现,功能问题,特殊场景侧漏,按设计实现,验证添加项目时是否成功,单击...流程中的下一步...实际结果：收到 502错误,预期成绩：应显示确认文本', '验证添加项目发生502错误', 'WINDOWS', 'DELL', '2022-03-31 14:23:29', 'PASSED'),
(6, 169, '[\"1648736740759/numpy.png\",\"1648736740759/spring.png\"]', '大概率复现,功能问题,特殊场景侧漏,按设计实现,验证修改项目时是否成功,单击实际结果：收到 502错误,预期成绩：应显示确认文本和修改结果', '验证修改项目发生502错误', 'WINDOWS', 'DELL', '2022-03-31 14:25:41', 'PASSED'),
(7, 1, '[\"1648737092096/numpy.png\",\"1648737092096/spring.png\"]', '大概率复现,功能问题,特殊场景侧漏,获取项目列表时是否成功, 实际结果：收到 500错误,预期成绩：返回项目列表', '获取项目列表出错', 'WINDOWS', 'DELL', '2022-03-31 14:31:33', 'PASSED'),
(8, 1, '[\"1648737116404/numpy.png\",\"1648737116404/spring.png\"]', '大概率复现,功能问题,特殊场景侧漏,获取项目列表时是否成功, 实际结果：收到 502错误,预期成绩：返回项目列表', '获取项目列表出错', 'WINDOWS', 'DELL', '2022-03-31 14:31:57', 'REJECTED'),
(9, 169, '[\"1648737174326/numpy.png\",\"1648737174326/spring.png\"]', '大概率复现,功能问题,特殊场景侧漏,获取项目列表时失败, 实际结果：收到 404错误,预期成绩：返回项目列表', '获取项目列表404', 'WINDOWS', 'DELL', '2022-03-31 14:32:55', 'REJECTED'),
(10, 1, '[\"1648737263166/numpy.png\",\"1648737263166/spring.png\"]', '小概率复现,性能问题,负载问题,100并发下获取项目列表时失败, 实际结果：收到 502错误,预期成绩：返回项目列表', '高负载获取项目列表502', 'WINDOWS', 'DELL', '2022-03-31 14:34:24', 'PASSED'),
(11, 169, '[\"1648737442324/numpy.png\",\"1648737442324/spring.png\"]', '小概率复现,性能问题,负载问题,10000并发下10个循环内获取项目列表时不一定成功, 实际结果：收到 404错误和502错误,预期成绩：全部能正确加载项目列表', '高负载获取项目列表出问题', 'WINDOWS', 'DELL', '2022-03-31 14:37:23', 'PASSED'),
(12, 1, '[\"1648737581381/numpy.png\",\"1648737581381/spring.png\"]', '小概率复现,UI问题,特殊场景侧漏,当我打开“项目列表”时，所需的分辨率并不总是正确的。如果您每次在新选项卡中打开测试页面，大约一半的情况下，宽度是 1366 像素（应该是），另一半是 1440 像素（实际宽度）。', '项目列表宽度不对', 'WINDOWS', 'DELL', '2022-03-31 14:39:42', 'PASSED'),
(13, 169, '[\"1648737734357/numpy.png\",\"1648737734357/spring.png\"]', '小概率复现,UI问题,特殊场景侧漏,当我打开“增加项目”时，分辨率偶尔可能出现问题。如果您每次在新选项卡中打开测试页面，大约一半的情况下，宽度是 1920 像素，另一半是 1280 像素（实际宽度）。', '项目列表宽度有问题', 'WINDOWS', 'DELL', '2022-03-31 14:42:15', 'PASSED'),
(14, 169, '[\"1648738002407/numpy.png\",\"1648738002407/spring.png\"]', '小概率复现,安全问题,基本场景侧漏,按设计实现,收到了攻击，挺严重的，个人信息遭到泄露，这是我第一次看到一个网页不仅可以快速停止 Firefox，还可以快速停止 Linux 系统。我花了 15 分钟打开终端窗口并终止进程。我以前见过消耗资源的攻击，但这种攻击会在几秒钟内耗尽所有可用内存并强制分页。一些普通的关机用户界面动作需要在极度过载的情况下继续工作。关闭窗口应该有效，但它没有。单击“停止网页”X应该可以工作，但不能。单击“停止”按钮应该可以工作，但不能。这不好。常见术语（例如“错误报告”）的 Bing 广告将用户发送到http://shop.frankfurt-airport.store重定向到攻击站点。出现附件中的页面。明显的网络钓鱼攻击加上拒绝服务攻击。无法关闭基本身份验证提示。无法停止页面。无法关闭浏览器。Ubuntu Linux 18.04 开始因大量磁盘 I/O 而颠簸。终于能够打开一个终端窗口，这需要几分钟才能打开，运行“top”找到Firefox进程，杀死Firefox。系统恢复正常。安全措施不强,设置强口令', 'Firefox将Linux系统卡死', 'LINUX', 'ASUS', '2022-03-31 14:46:43', 'PASSED'),
(15, 169, '[\"1648738036268/numpy.png\",\"1648738036268/spring.png\"]', '大概率复现,接口问题,特殊场景侧漏,按设计实现,如果 https 页面引用了通过 https 提供的某些元素，则会显示警告“此页面的某些部分不安全”警告。但是，不说 which 是那些部分，这是完全没用的，特别是如果部分内容是使用jsva前端script动态生成的。警告框确实具有指向“了解更多”和“更多信息”的链接，但它们都没有显示应该引用的错误 URL', 'HTTPS配置问题', 'LINUX', 'ASUS', '2022-03-31 14:47:16', 'PASSED'),
(16, 169, '[\"1648738110887/numpy.png\",\"1648738110887/spring.png\"]', '大概率复现,安全问题,特殊场景侧漏,https://dxr.mozilla.org/mozilla-central/search?q=weak+encryption不再需要弱密码语言环境，因为 RC4 被淘汰了，对吧？也许需要修改或扩展它们，因为说这个网站有点太难了。来源：https ://dxr.mozilla.org/mozilla-central/source/browser/locales/en-US/chrome/browser/browser.dtd#724也许这样的事情甚至可以涵盖软失败的 OCSP：“您与该网站的连接不受现代加密的保护。网络开发人员和服务器管理员使用 Nightly 和 Chrome Canary 来检查他们的网站.所以他们可以看到他们目前正在做一些非常糟糕的事情，并且他们冒着将来会向所有用户展示的风险。正如您所说，非 PFS 网站并不多', '项目列表宽度不对', 'LINUX', 'ASUS', '2022-03-31 14:48:31', 'PASSED'),
(17, 1, '[\"1648738377104/numpy.png\",\"1648738377104/spring.png\"]', '小概率复现,UI问题,基本场景侧漏,按设计实现,使用 contextualIdentities 和 \'cookies\' 权限调试任何插件（例如 Tree Style Tab、Tab Center Redux 等...）创建容器丢弃标签；例如：browser.tabs.create({url: \'https://example.com\', cookieStoreId: \'firefox-container-1\', discarded: true})重新打开浏览器实际结果：创建的选项卡属于默认容器预期成绩：创建的选项卡属于打开它的容器', '对于以丢弃方式打开的选项卡，不保留上下文标识', 'LINUX', 'ASUS', '2022-03-31 14:52:58', 'PASSED'),
(18, 1, '[\"1648738414676/numpy.png\",\"1648738414676/spring.png\"]', '小概率复现,UI问题,基本场景侧漏,按设计实现,使用 contextualIdentities 和 \'cookies\' 权限调试任何插件（例如 Tree Style Tab、Tab Center Redux 等...）创建容器丢弃标签；例如：browser.tabs.create({url: \'https://example.com\', cookieStoreId: \'firefox-container-1\', discarded: true})重新打开浏览器实际结果：创建的选项卡属于默认容器预期成绩：创建的选项卡属于打开它的容器', '对于以丢弃方式打开的选项卡，不保留上下文标识', 'LINUX', 'ASUS', '2022-03-31 14:53:35', 'REJECTED');

-- --------------------------------------------------------

--
-- 表的结构 `message`
--

DROP TABLE IF EXISTS `message`;
CREATE TABLE IF NOT EXISTS `message` (
  `id` bigint UNSIGNED NOT NULL AUTO_INCREMENT,
  `user_id` bigint NOT NULL,
  `content` text NOT NULL,
  `time` datetime NOT NULL,
  `status` enum('NEW','READ') CHARACTER SET utf8mb4 COLLATE utf8mb4_0900_ai_ci NOT NULL DEFAULT 'NEW',
  PRIMARY KEY (`id`),
  UNIQUE KEY `id` (`id`),
  KEY `message_user_id` (`user_id`)
) ENGINE=InnoDB AUTO_INCREMENT=52 DEFAULT CHARSET=utf8mb4 COLLATE=utf8mb4_0900_ai_ci;

--
-- 转存表中的数据 `message`
--

INSERT INTO `message` (`id`, `user_id`, `content`, `time`, `status`) VALUES
(1, 1, 'admin，欢迎来到COLLECT！', '2022-03-31 02:39:56', 'NEW'),
(2, 2, 'publisher1，欢迎来到COLLECT！', '2022-03-31 03:07:36', 'NEW'),
(3, 3, 'publisher2，欢迎来到COLLECT！', '2022-03-31 03:08:41', 'NEW'),
(4, 4, 'publisher3，欢迎来到COLLECT！', '2022-03-31 03:08:53', 'NEW'),
(5, 5, 'publisher4，欢迎来到COLLECT！', '2022-03-31 03:09:04', 'NEW'),
(6, 6, 'publisher5，欢迎来到COLLECT！', '2022-03-31 03:09:12', 'NEW'),
(7, 7, 'publisher6，欢迎来到COLLECT！', '2022-03-31 03:09:21', 'NEW'),
(8, 8, 'publisher7，欢迎来到COLLECT！', '2022-03-31 03:09:30', 'NEW'),
(9, 9, 'publisher8，欢迎来到COLLECT！', '2022-03-31 03:09:39', 'NEW'),
(10, 10, 'publisher9，欢迎来到COLLECT！', '2022-03-31 03:09:56', 'NEW'),
(11, 11, 'worker1，欢迎来到COLLECT！', '2022-03-31 03:10:30', 'NEW'),
(12, 12, 'worker2，欢迎来到COLLECT！', '2022-03-31 03:10:38', 'NEW'),
(13, 13, 'worker3，欢迎来到COLLECT！', '2022-03-31 03:10:46', 'NEW'),
(14, 14, 'worker4，欢迎来到COLLECT！', '2022-03-31 03:11:53', 'NEW'),
(15, 15, 'worker5，欢迎来到COLLECT！', '2022-03-31 03:12:00', 'NEW'),
(16, 16, 'worker6，欢迎来到COLLECT！', '2022-03-31 03:12:09', 'NEW'),
(17, 17, 'worker7，欢迎来到COLLECT！', '2022-03-31 03:12:23', 'NEW'),
(18, 18, 'worker8，欢迎来到COLLECT！', '2022-03-31 03:13:02', 'NEW'),
(19, 19, 'worker9，欢迎来到COLLECT！', '2022-03-31 03:13:11', 'NEW'),
(20, 8, '您发布的12号任务有新报告啦！报告编号：1', '2022-03-31 12:22:19', 'NEW'),
(21, 18, '恭喜，您提交的1号报告已通过相似度检查！', '2022-03-31 12:22:19', 'NEW'),
(22, 3, '您发布的97号任务有新报告啦！报告编号：2', '2022-03-31 14:19:11', 'NEW'),
(23, 15, '恭喜，您提交的2号报告已通过相似度检查！', '2022-03-31 14:19:11', 'NEW'),
(24, 3, '您发布的97号任务有新报告啦！报告编号：3', '2022-03-31 14:19:47', 'NEW'),
(25, 15, '恭喜，您提交的3号报告已通过相似度检查！', '2022-03-31 14:19:47', 'NEW'),
(26, 15, '抱歉，您提交的4号报告未通过相似度检查！', '2022-03-31 14:20:31', 'NEW'),
(27, 3, '您发布的97号任务有新报告啦！报告编号：5', '2022-03-31 14:23:32', 'NEW'),
(28, 15, '恭喜，您提交的5号报告已通过相似度检查！', '2022-03-31 14:23:32', 'NEW'),
(29, 3, '您发布的97号任务有新报告啦！报告编号：6', '2022-03-31 14:25:45', 'NEW'),
(30, 15, '恭喜，您提交的6号报告已通过相似度检查！', '2022-03-31 14:25:45', 'NEW'),
(31, 3, '您发布的97号任务有新报告啦！报告编号：7', '2022-03-31 14:31:38', 'NEW'),
(32, 15, '恭喜，您提交的7号报告已通过相似度检查！', '2022-03-31 14:31:38', 'NEW'),
(33, 15, '抱歉，您提交的8号报告未通过相似度检查！', '2022-03-31 14:31:57', 'NEW'),
(34, 15, '抱歉，您提交的9号报告未通过相似度检查！', '2022-03-31 14:32:55', 'NEW'),
(35, 3, '您发布的97号任务有新报告啦！报告编号：10', '2022-03-31 14:34:32', 'NEW'),
(36, 15, '恭喜，您提交的10号报告已通过相似度检查！', '2022-03-31 14:34:32', 'NEW'),
(37, 3, '您发布的97号任务有新报告啦！报告编号：11', '2022-03-31 14:37:32', 'NEW'),
(38, 15, '恭喜，您提交的11号报告已通过相似度检查！', '2022-03-31 14:37:32', 'NEW'),
(39, 3, '您发布的97号任务有新报告啦！报告编号：12', '2022-03-31 14:39:52', 'NEW'),
(40, 15, '恭喜，您提交的12号报告已通过相似度检查！', '2022-03-31 14:39:52', 'NEW'),
(41, 3, '您发布的97号任务有新报告啦！报告编号：13', '2022-03-31 14:42:26', 'NEW'),
(42, 18, '恭喜，您提交的13号报告已通过相似度检查！', '2022-03-31 14:42:26', 'NEW'),
(43, 3, '您发布的97号任务有新报告啦！报告编号：14', '2022-03-31 14:46:55', 'NEW'),
(44, 18, '恭喜，您提交的14号报告已通过相似度检查！', '2022-03-31 14:46:55', 'NEW'),
(45, 3, '您发布的97号任务有新报告啦！报告编号：15', '2022-03-31 14:47:30', 'NEW'),
(46, 18, '恭喜，您提交的15号报告已通过相似度检查！', '2022-03-31 14:47:29', 'NEW'),
(47, 3, '您发布的97号任务有新报告啦！报告编号：16', '2022-03-31 14:48:47', 'NEW'),
(48, 18, '恭喜，您提交的16号报告已通过相似度检查！', '2022-03-31 14:48:47', 'NEW'),
(49, 3, '您发布的97号任务有新报告啦！报告编号：17', '2022-03-31 14:53:13', 'NEW'),
(50, 15, '恭喜，您提交的17号报告已通过相似度检查！', '2022-03-31 14:53:13', 'NEW'),
(51, 15, '抱歉，您提交的18号报告未通过相似度检查！', '2022-03-31 14:53:36', 'NEW');

-- --------------------------------------------------------

--
-- 表的结构 `remark`
--

DROP TABLE IF EXISTS `remark`;
CREATE TABLE IF NOT EXISTS `remark` (
  `defect_report_id` bigint NOT NULL,
  `user_id` bigint NOT NULL,
  `score` int NOT NULL,
  `description` text NOT NULL,
  `create_time` date NOT NULL,
  PRIMARY KEY (`defect_report_id`,`user_id`),
  KEY `remark_user_id` (`user_id`)
) ENGINE=InnoDB DEFAULT CHARSET=utf8mb4 COLLATE=utf8mb4_0900_ai_ci;

--
-- 转存表中的数据 `remark`
--

INSERT INTO `remark` (`defect_report_id`, `user_id`, `score`, `description`, `create_time`) VALUES
(1, 11, 2, '这是众包工人用户11对关联由3号发包方用户发布的报告1的评价', '2022-03-31'),
(1, 12, 8, '这是众包工人用户12对关联由3号发包方用户发布的报告1的评价', '2022-03-31'),
(1, 14, 1, '这是众包工人用户14对关联由3号发包方用户发布的报告1的评价', '2022-03-31'),
(1, 15, 9, '这是众包工人用户15对关联由3号发包方用户发布的报告1的评价', '2022-03-31'),
(1, 16, 4, '这是众包工人用户16对关联由3号发包方用户发布的报告1的评价', '2022-03-31'),
(1, 17, 6, '这是众包工人用户17对关联由3号发包方用户发布的报告1的评价', '2022-03-31'),
(1, 18, 9, '这是众包工人用户18对关联由3号发包方用户发布的报告1的评价', '2022-03-31'),
(2, 11, 1, '这是众包工人用户11对关联由3号发包方用户发布的报告2的评价', '2022-03-31'),
(2, 12, 6, '这是众包工人用户12对关联由3号发包方用户发布的报告2的评价', '2022-03-31'),
(2, 15, 10, '这是众包工人用户15对关联由3号发包方用户发布的报告2的评价', '2022-03-31'),
(2, 16, 9, '这是众包工人用户16对关联由3号发包方用户发布的报告2的评价', '2022-03-31'),
(2, 17, 9, '这是众包工人用户17对关联由3号发包方用户发布的报告2的评价', '2022-03-31'),
(2, 19, 8, '这是众包工人用户19对关联由3号发包方用户发布的报告2的评价', '2022-03-31'),
(3, 11, 10, '这是众包工人用户11对关联由3号发包方用户发布的报告3的评价', '2022-03-31'),
(3, 13, 5, '这是众包工人用户13对关联由3号发包方用户发布的报告3的评价', '2022-03-31'),
(3, 14, 7, '这是众包工人用户14对关联由3号发包方用户发布的报告3的评价', '2022-03-31'),
(3, 15, 4, '这是众包工人用户15对关联由3号发包方用户发布的报告3的评价', '2022-03-31'),
(3, 16, 2, '这是众包工人用户16对关联由3号发包方用户发布的报告3的评价', '2022-03-31'),
(3, 17, 4, '这是众包工人用户17对关联由3号发包方用户发布的报告3的评价', '2022-03-31'),
(3, 18, 3, '这是众包工人用户18对关联由3号发包方用户发布的报告3的评价', '2022-03-31'),
(3, 19, 9, '这是众包工人用户19对关联由3号发包方用户发布的报告3的评价', '2022-03-31'),
(4, 12, 10, '这是众包工人用户12对关联由3号发包方用户发布的报告4的评价', '2022-03-31'),
(4, 13, 4, '这是众包工人用户13对关联由3号发包方用户发布的报告4的评价', '2022-03-31'),
(4, 15, 2, '这是众包工人用户15对关联由3号发包方用户发布的报告4的评价', '2022-03-31'),
(4, 16, 6, '这是众包工人用户16对关联由3号发包方用户发布的报告4的评价', '2022-03-31'),
(4, 17, 3, '这是众包工人用户17对关联由3号发包方用户发布的报告4的评价', '2022-03-31'),
(4, 19, 1, '这是众包工人用户19对关联由3号发包方用户发布的报告4的评价', '2022-03-31'),
(5, 12, 3, '这是众包工人用户12对关联由3号发包方用户发布的报告5的评价', '2022-03-31'),
(5, 15, 3, '这是众包工人用户15对关联由3号发包方用户发布的报告5的评价', '2022-03-31'),
(5, 16, 4, '这是众包工人用户16对关联由3号发包方用户发布的报告5的评价', '2022-03-31'),
(5, 17, 4, '这是众包工人用户17对关联由3号发包方用户发布的报告5的评价', '2022-03-31'),
(5, 18, 7, '这是众包工人用户18对关联由3号发包方用户发布的报告5的评价', '2022-03-31'),
(5, 19, 1, '这是众包工人用户19对关联由3号发包方用户发布的报告5的评价', '2022-03-31'),
(6, 11, 8, '这是众包工人用户11对关联由3号发包方用户发布的报告6的评价', '2022-03-31'),
(6, 12, 3, '这是众包工人用户12对关联由3号发包方用户发布的报告6的评价', '2022-03-31'),
(6, 13, 10, '这是众包工人用户13对关联由3号发包方用户发布的报告6的评价', '2022-03-31'),
(6, 14, 7, '这是众包工人用户14对关联由3号发包方用户发布的报告6的评价', '2022-03-31'),
(6, 18, 9, '这是众包工人用户18对关联由3号发包方用户发布的报告6的评价', '2022-03-31'),
(6, 19, 7, '这是众包工人用户19对关联由3号发包方用户发布的报告6的评价', '2022-03-31'),
(7, 11, 2, '这是众包工人用户11对关联由3号发包方用户发布的报告7的评价', '2022-03-31'),
(7, 12, 4, '这是众包工人用户12对关联由3号发包方用户发布的报告7的评价', '2022-03-31'),
(7, 13, 4, '这是众包工人用户13对关联由3号发包方用户发布的报告7的评价', '2022-03-31'),
(7, 14, 7, '这是众包工人用户14对关联由3号发包方用户发布的报告7的评价', '2022-03-31'),
(7, 15, 3, '这是众包工人用户15对关联由3号发包方用户发布的报告7的评价', '2022-03-31'),
(7, 17, 6, '这是众包工人用户17对关联由3号发包方用户发布的报告7的评价', '2022-03-31'),
(7, 18, 9, '这是众包工人用户18对关联由3号发包方用户发布的报告7的评价', '2022-03-31'),
(8, 11, 2, '这是众包工人用户11对关联由3号发包方用户发布的报告8的评价', '2022-03-31'),
(8, 12, 2, '这是众包工人用户12对关联由3号发包方用户发布的报告8的评价', '2022-03-31'),
(8, 14, 3, '这是众包工人用户14对关联由3号发包方用户发布的报告8的评价', '2022-03-31'),
(8, 15, 10, '这是众包工人用户15对关联由3号发包方用户发布的报告8的评价', '2022-03-31'),
(8, 17, 5, '这是众包工人用户17对关联由3号发包方用户发布的报告8的评价', '2022-03-31'),
(8, 18, 8, '这是众包工人用户18对关联由3号发包方用户发布的报告8的评价', '2022-03-31'),
(8, 19, 1, '这是众包工人用户19对关联由3号发包方用户发布的报告8的评价', '2022-03-31'),
(9, 11, 7, '这是众包工人用户11对关联由3号发包方用户发布的报告9的评价', '2022-03-31'),
(9, 12, 10, '这是众包工人用户12对关联由3号发包方用户发布的报告9的评价', '2022-03-31'),
(9, 13, 2, '这是众包工人用户13对关联由3号发包方用户发布的报告9的评价', '2022-03-31'),
(9, 14, 6, '这是众包工人用户14对关联由3号发包方用户发布的报告9的评价', '2022-03-31'),
(9, 16, 2, '这是众包工人用户16对关联由3号发包方用户发布的报告9的评价', '2022-03-31'),
(9, 17, 9, '这是众包工人用户17对关联由3号发包方用户发布的报告9的评价', '2022-03-31'),
(9, 18, 2, '这是众包工人用户18对关联由3号发包方用户发布的报告9的评价', '2022-03-31'),
(9, 19, 8, '这是众包工人用户19对关联由3号发包方用户发布的报告9的评价', '2022-03-31'),
(10, 11, 8, '这是众包工人用户11对关联由3号发包方用户发布的报告10的评价', '2022-03-31'),
(10, 13, 5, '这是众包工人用户13对关联由3号发包方用户发布的报告10的评价', '2022-03-31'),
(10, 14, 7, '这是众包工人用户14对关联由3号发包方用户发布的报告10的评价', '2022-03-31'),
(10, 15, 4, '这是众包工人用户15对关联由3号发包方用户发布的报告10的评价', '2022-03-31'),
(10, 16, 9, '这是众包工人用户16对关联由3号发包方用户发布的报告10的评价', '2022-03-31'),
(10, 17, 5, '这是众包工人用户17对关联由3号发包方用户发布的报告10的评价', '2022-03-31'),
(10, 18, 4, '这是众包工人用户18对关联由3号发包方用户发布的报告10的评价', '2022-03-31'),
(10, 19, 7, '这是众包工人用户19对关联由3号发包方用户发布的报告10的评价', '2022-03-31'),
(11, 12, 7, '这是众包工人用户12对关联由3号发包方用户发布的报告11的评价', '2022-03-31'),
(11, 15, 8, '这是众包工人用户15对关联由3号发包方用户发布的报告11的评价', '2022-03-31'),
(11, 16, 6, '这是众包工人用户16对关联由3号发包方用户发布的报告11的评价', '2022-03-31'),
(11, 17, 10, '这是众包工人用户17对关联由3号发包方用户发布的报告11的评价', '2022-03-31'),
(11, 18, 9, '这是众包工人用户18对关联由3号发包方用户发布的报告11的评价', '2022-03-31'),
(12, 11, 8, '这是众包工人用户11对关联由3号发包方用户发布的报告12的评价', '2022-03-31'),
(12, 12, 1, '这是众包工人用户12对关联由3号发包方用户发布的报告12的评价', '2022-03-31'),
(12, 14, 9, '这是众包工人用户14对关联由3号发包方用户发布的报告12的评价', '2022-03-31'),
(12, 15, 9, '这是众包工人用户15对关联由3号发包方用户发布的报告12的评价', '2022-03-31'),
(12, 16, 4, '这是众包工人用户16对关联由3号发包方用户发布的报告12的评价', '2022-03-31'),
(12, 17, 5, '这是众包工人用户17对关联由3号发包方用户发布的报告12的评价', '2022-03-31'),
(12, 19, 8, '这是众包工人用户19对关联由3号发包方用户发布的报告12的评价', '2022-03-31'),
(13, 11, 10, '这是众包工人用户11对关联由3号发包方用户发布的报告13的评价', '2022-03-31'),
(13, 12, 1, '这是众包工人用户12对关联由3号发包方用户发布的报告13的评价', '2022-03-31'),
(13, 13, 5, '这是众包工人用户13对关联由3号发包方用户发布的报告13的评价', '2022-03-31'),
(13, 14, 3, '这是众包工人用户14对关联由3号发包方用户发布的报告13的评价', '2022-03-31'),
(13, 15, 4, '这是众包工人用户15对关联由3号发包方用户发布的报告13的评价', '2022-03-31'),
(13, 16, 6, '这是众包工人用户16对关联由3号发包方用户发布的报告13的评价', '2022-03-31'),
(13, 17, 7, '这是众包工人用户17对关联由3号发包方用户发布的报告13的评价', '2022-03-31'),
(13, 18, 3, '这是众包工人用户18对关联由3号发包方用户发布的报告13的评价', '2022-03-31'),
(14, 11, 1, '这是众包工人用户11对关联由3号发包方用户发布的报告14的评价', '2022-03-31'),
(14, 13, 10, '这是众包工人用户13对关联由3号发包方用户发布的报告14的评价', '2022-03-31'),
(14, 14, 8, '这是众包工人用户14对关联由3号发包方用户发布的报告14的评价', '2022-03-31'),
(14, 15, 3, '这是众包工人用户15对关联由3号发包方用户发布的报告14的评价', '2022-03-31'),
(14, 18, 2, '这是众包工人用户18对关联由3号发包方用户发布的报告14的评价', '2022-03-31'),
(15, 12, 5, '这是众包工人用户12对关联由3号发包方用户发布的报告15的评价', '2022-03-31'),
(15, 13, 5, '这是众包工人用户13对关联由3号发包方用户发布的报告15的评价', '2022-03-31'),
(15, 17, 8, '这是众包工人用户17对关联由3号发包方用户发布的报告15的评价', '2022-03-31'),
(15, 18, 4, '这是众包工人用户18对关联由3号发包方用户发布的报告15的评价', '2022-03-31'),
(15, 19, 5, '这是众包工人用户19对关联由3号发包方用户发布的报告15的评价', '2022-03-31'),
(16, 11, 1, '这是众包工人用户11对关联由3号发包方用户发布的报告16的评价', '2022-03-31'),
(16, 12, 1, '这是众包工人用户12对关联由3号发包方用户发布的报告16的评价', '2022-03-31'),
(16, 13, 2, '这是众包工人用户13对关联由3号发包方用户发布的报告16的评价', '2022-03-31'),
(16, 14, 8, '这是众包工人用户14对关联由3号发包方用户发布的报告16的评价', '2022-03-31'),
(16, 15, 5, '这是众包工人用户15对关联由3号发包方用户发布的报告16的评价', '2022-03-31'),
(16, 16, 9, '这是众包工人用户16对关联由3号发包方用户发布的报告16的评价', '2022-03-31'),
(16, 18, 8, '这是众包工人用户18对关联由3号发包方用户发布的报告16的评价', '2022-03-31');

-- --------------------------------------------------------

--
-- 表的结构 `similarity`
--

DROP TABLE IF EXISTS `similarity`;
CREATE TABLE IF NOT EXISTS `similarity` (
  `id` bigint UNSIGNED NOT NULL AUTO_INCREMENT,
  `defect_report_id_1` bigint NOT NULL,
  `defect_report_id_2` bigint NOT NULL,
  `similarity` double NOT NULL,
  PRIMARY KEY (`id`),
  UNIQUE KEY `id_2` (`id`),
  KEY `id` (`id`),
  KEY `SpeedUp` (`id`,`defect_report_id_1`),
  KEY `SpeedUp2` (`id`,`defect_report_id_2`),
  KEY `sim_report_1` (`defect_report_id_1`),
  KEY `sim_report_2` (`defect_report_id_2`)
) ENGINE=InnoDB AUTO_INCREMENT=106 DEFAULT CHARSET=utf8mb4 COLLATE=utf8mb4_0900_ai_ci;

--
-- 转存表中的数据 `similarity`
--

INSERT INTO `similarity` (`id`, `defect_report_id_1`, `defect_report_id_2`, `similarity`) VALUES
(1, 3, 2, 0.9843670129776001),
(2, 5, 4, 0.9690346717834473),
(3, 5, 3, 0.9690346717834473),
(4, 5, 2, 0.9525232911109924),
(5, 6, 5, 0.9532783031463623),
(6, 6, 4, 0.9342849254608154),
(7, 6, 3, 0.9342849254608154),
(8, 6, 2, 0.9346791505813599),
(9, 7, 6, 0.9276043772697449),
(10, 7, 5, 0.9255653023719788),
(11, 7, 4, 0.911517322063446),
(12, 7, 3, 0.911517322063446),
(13, 7, 2, 0.9214318990707397),
(14, 10, 9, 0.9615675210952759),
(15, 10, 8, 0.9473025798797607),
(16, 10, 7, 0.9523910284042358),
(17, 10, 6, 0.8823730945587158),
(18, 10, 5, 0.8786529302597046),
(19, 10, 4, 0.8730035424232483),
(20, 10, 3, 0.8730035424232483),
(21, 10, 2, 0.8864374756813049),
(22, 11, 10, 0.9159382581710815),
(23, 11, 9, 0.8729246258735657),
(24, 11, 8, 0.8810827732086182),
(25, 11, 7, 0.8836794495582581),
(26, 11, 6, 0.8556762933731079),
(27, 11, 5, 0.8768233060836792),
(28, 11, 4, 0.8534331917762756),
(29, 11, 3, 0.8534331917762756),
(30, 11, 2, 0.8555822968482971),
(31, 12, 11, 0.6794676780700684),
(32, 12, 10, 0.675647497177124),
(33, 12, 9, 0.6644793152809143),
(34, 12, 8, 0.6728326678276062),
(35, 12, 7, 0.6788424849510193),
(36, 12, 6, 0.6913570761680603),
(37, 12, 5, 0.6749261617660522),
(38, 12, 4, 0.6986973881721497),
(39, 12, 3, 0.6986973881721497),
(40, 12, 2, 0.702126681804657),
(41, 13, 12, 0.8758212924003601),
(42, 13, 11, 0.7238745093345642),
(43, 13, 10, 0.700506865978241),
(44, 13, 9, 0.6899501085281372),
(45, 13, 8, 0.7005789279937744),
(46, 13, 7, 0.7063556909561157),
(47, 13, 6, 0.7067260146141052),
(48, 13, 5, 0.7148764729499817),
(49, 13, 4, 0.7323397994041443),
(50, 13, 3, 0.7323397994041443),
(51, 13, 2, 0.7402223348617554),
(52, 14, 13, 0.6881057024002075),
(53, 14, 12, 0.6717936396598816),
(54, 14, 11, 0.7449806928634644),
(55, 14, 10, 0.7347524762153625),
(56, 14, 9, 0.7349136471748352),
(57, 14, 8, 0.7312222719192505),
(58, 14, 7, 0.7330470085144043),
(59, 14, 6, 0.7240631580352783),
(60, 14, 5, 0.7405466437339783),
(61, 14, 4, 0.7565474510192871),
(62, 14, 3, 0.7565474510192871),
(63, 14, 2, 0.7483949661254883),
(64, 15, 14, 0.7377294301986694),
(65, 15, 13, 0.7030273079872131),
(66, 15, 12, 0.672846257686615),
(67, 15, 11, 0.730638861656189),
(68, 15, 10, 0.7260072827339172),
(69, 15, 9, 0.7386974692344666),
(70, 15, 8, 0.7417647838592529),
(71, 15, 7, 0.7464802265167236),
(72, 15, 6, 0.7682185769081116),
(73, 15, 5, 0.773169219493866),
(74, 15, 4, 0.8029264807701111),
(75, 15, 3, 0.8029264807701111),
(76, 15, 2, 0.7958335280418396),
(77, 16, 15, 0.7829641103744507),
(78, 16, 14, 0.7156557440757751),
(79, 16, 13, 0.674382209777832),
(80, 16, 12, 0.6525353193283081),
(81, 16, 11, 0.6941538453102112),
(82, 16, 10, 0.7066673636436462),
(83, 16, 9, 0.7315228581428528),
(84, 16, 8, 0.7354272603988647),
(85, 16, 7, 0.7463693618774414),
(86, 16, 6, 0.7662360668182373),
(87, 16, 5, 0.7580057978630066),
(88, 16, 4, 0.7724430561065674),
(89, 16, 3, 0.7724430561065674),
(90, 16, 2, 0.7690484523773193),
(91, 17, 16, 0.7988322973251343),
(92, 17, 15, 0.7964186668395996),
(93, 17, 14, 0.7256684303283691),
(94, 17, 13, 0.668745219707489),
(95, 17, 12, 0.6137231588363647),
(96, 17, 11, 0.7226741313934326),
(97, 17, 10, 0.7411331534385681),
(98, 17, 9, 0.7569876909255981),
(99, 17, 8, 0.7654816508293152),
(100, 17, 7, 0.7682175636291504),
(101, 17, 6, 0.7737649083137512),
(102, 17, 5, 0.7935002446174622),
(103, 17, 4, 0.8193789720535278),
(104, 17, 3, 0.8193789720535278),
(105, 17, 2, 0.8025621771812439);

-- --------------------------------------------------------

--
-- 表的结构 `task`
--

DROP TABLE IF EXISTS `task`;
CREATE TABLE IF NOT EXISTS `task` (
  `id` bigint NOT NULL AUTO_INCREMENT,
  `exe_file_path` text CHARACTER SET utf8mb4 COLLATE utf8mb4_0900_ai_ci NOT NULL,
  `discrib_file_path` text CHARACTER SET utf8mb4 COLLATE utf8mb4_0900_ai_ci NOT NULL,
  `task_discribe` text NOT NULL,
  `start_time` datetime NOT NULL,
  `finish_time` datetime NOT NULL,
  `total_num` int NOT NULL,
  `current_num` int NOT NULL,
  `type` enum('FUNCTION','PERFORMANCE') NOT NULL,
  `user_id` bigint NOT NULL,
  `device_brand` enum('LENOVO','DELL','HP','ASUS','GIGABYTE','MSI','HUAWEI','XIAOMI','SAMSUNG','APPLE','OPPO','VIVO','ONEPLUS','IQOO','REALME','PIXEL','LG','NOKIA','OTHER') CHARACTER SET utf8mb4 COLLATE utf8mb4_0900_ai_ci NOT NULL,
  `operating_system` enum('WINDOWS','LINUX','MACOS','ANDROID','IOS','IPADOS','OTHER') NOT NULL,
  `difficulty` int DEFAULT '0',
  PRIMARY KEY (`id`),
  KEY `USER_ID_TASK` (`user_id`)
) ENGINE=InnoDB AUTO_INCREMENT=202 DEFAULT CHARSET=utf8mb4 COLLATE=utf8mb4_0900_ai_ci;

--
-- 转存表中的数据 `task`
--

INSERT INTO `task` (`id`, `exe_file_path`, `discrib_file_path`, `task_discribe`, `start_time`, `finish_time`, `total_num`, `current_num`, `type`, `user_id`, `device_brand`, `operating_system`, `difficulty`) VALUES
(1, '[\"1646458992181/fake.exe\"]', '[\"1646458992181/Phippy-Goes-To-The-Zoo.pdf\"]', '任务推荐测试第1号数据；时间2022-03-31 11:49:04.580723；测试类型：FUNCTION；测试设备操作系统：ANDROID', '2022-03-31 11:49:05', '2022-07-31 11:49:05', 20, 3, 'FUNCTION', 2, 'REALME', 'ANDROID', 3),
(2, '[\"1646458992181/fake.exe\"]', '[\"1646458992181/Phippy-Goes-To-The-Zoo.pdf\"]', '任务推荐测试第2号数据；时间2022-03-31 11:49:04.580723；测试类型：PERFORMANCE；测试设备操作系统：ANDROID', '2022-03-31 11:49:05', '2022-06-30 11:49:05', 19, 7, 'PERFORMANCE', 4, 'NOKIA', 'ANDROID', 2),
(3, '[\"1646458992181/fake.exe\"]', '[\"1646458992181/Phippy-Goes-To-The-Zoo.pdf\"]', '任务推荐测试第3号数据；时间2022-03-31 11:49:04.580723；测试类型：PERFORMANCE；测试设备操作系统：ANDROID', '2022-03-31 11:49:05', '2022-05-31 11:49:05', 14, 10, 'PERFORMANCE', 6, 'GIGABYTE', 'ANDROID', 2),
(4, '[\"1646458992181/fake.exe\"]', '[\"1646458992181/Phippy-Goes-To-The-Zoo.pdf\"]', '任务推荐测试第4号数据；时间2022-03-31 11:49:04.580723；测试类型：FUNCTION；测试设备操作系统：OTHER', '2022-03-31 11:49:05', '2022-08-31 11:49:05', 20, 5, 'FUNCTION', 10, 'LG', 'OTHER', 7),
(5, '[\"1646458992181/fake.exe\"]', '[\"1646458992181/Phippy-Goes-To-The-Zoo.pdf\"]', '任务推荐测试第5号数据；时间2022-03-31 11:49:04.580723；测试类型：PERFORMANCE；测试设备操作系统：ANDROID', '2022-03-31 11:49:05', '2022-05-31 11:49:05', 13, 1, 'PERFORMANCE', 5, 'IQOO', 'ANDROID', 3),
(6, '[\"1646458992181/fake.exe\"]', '[\"1646458992181/Phippy-Goes-To-The-Zoo.pdf\"]', '任务推荐测试第6号数据；时间2022-03-31 11:49:04.580723；测试类型：PERFORMANCE；测试设备操作系统：WINDOWS', '2022-03-31 11:49:05', '2022-08-31 11:49:05', 11, 8, 'PERFORMANCE', 6, 'HP', 'WINDOWS', 1),
(7, '[\"1646458992181/fake.exe\"]', '[\"1646458992181/Phippy-Goes-To-The-Zoo.pdf\"]', '任务推荐测试第7号数据；时间2022-03-31 11:49:04.580723；测试类型：FUNCTION；测试设备操作系统：OTHER', '2022-03-31 11:49:05', '2022-08-31 11:49:05', 6, 4, 'FUNCTION', 5, 'OPPO', 'OTHER', 1),
(8, '[\"1646458992181/fake.exe\"]', '[\"1646458992181/Phippy-Goes-To-The-Zoo.pdf\"]', '任务推荐测试第8号数据；时间2022-03-31 11:49:04.580723；测试类型：PERFORMANCE；测试设备操作系统：WINDOWS', '2022-03-31 11:49:05', '2022-08-31 11:49:05', 10, 4, 'PERFORMANCE', 9, 'SAMSUNG', 'WINDOWS', 3),
(9, '[\"1646458992181/fake.exe\"]', '[\"1646458992181/Phippy-Goes-To-The-Zoo.pdf\"]', '任务推荐测试第9号数据；时间2022-03-31 11:49:04.580723；测试类型：FUNCTION；测试设备操作系统：OTHER', '2022-03-31 11:49:05', '2022-05-31 11:49:05', 18, 12, 'FUNCTION', 8, 'NOKIA', 'OTHER', 4),
(10, '[\"1646458992181/fake.exe\"]', '[\"1646458992181/Phippy-Goes-To-The-Zoo.pdf\"]', '任务推荐测试第10号数据；时间2022-03-31 11:49:04.580723；测试类型：PERFORMANCE；测试设备操作系统：OTHER', '2022-03-31 11:49:05', '2022-05-31 11:49:05', 12, 5, 'PERFORMANCE', 8, 'OPPO', 'OTHER', 7),
(11, '[\"1646458992181/fake.exe\"]', '[\"1646458992181/Phippy-Goes-To-The-Zoo.pdf\"]', '任务推荐测试第11号数据；时间2022-03-31 11:49:04.581716；测试类型：FUNCTION；测试设备操作系统：OTHER', '2022-03-31 11:49:05', '2022-05-31 11:49:05', 11, 3, 'FUNCTION', 6, 'OPPO', 'OTHER', 10),
(12, '[\"1646458992181/fake.exe\"]', '[\"1646458992181/Phippy-Goes-To-The-Zoo.pdf\"]', '任务推荐测试第12号数据；时间2022-03-31 11:49:04.581716；测试类型：PERFORMANCE；测试设备操作系统：ANDROID', '2022-03-31 11:49:05', '2022-04-30 11:49:05', 19, 18, 'PERFORMANCE', 8, 'LENOVO', 'ANDROID', 7),
(13, '[\"1646458992181/fake.exe\"]', '[\"1646458992181/Phippy-Goes-To-The-Zoo.pdf\"]', '任务推荐测试第13号数据；时间2022-03-31 11:49:04.581716；测试类型：FUNCTION；测试设备操作系统：LINUX', '2022-03-31 11:49:05', '2022-05-31 11:49:05', 17, 13, 'FUNCTION', 10, 'IQOO', 'LINUX', 4),
(14, '[\"1646458992181/fake.exe\"]', '[\"1646458992181/Phippy-Goes-To-The-Zoo.pdf\"]', '任务推荐测试第14号数据；时间2022-03-31 11:49:04.581716；测试类型：FUNCTION；测试设备操作系统：WINDOWS', '2022-03-31 11:49:05', '2022-08-31 11:49:05', 9, 8, 'FUNCTION', 9, 'PIXEL', 'WINDOWS', 6),
(15, '[\"1646458992181/fake.exe\"]', '[\"1646458992181/Phippy-Goes-To-The-Zoo.pdf\"]', '任务推荐测试第15号数据；时间2022-03-31 11:49:04.581716；测试类型：PERFORMANCE；测试设备操作系统：ANDROID', '2022-03-31 11:49:05', '2022-04-30 11:49:05', 14, 9, 'PERFORMANCE', 7, 'XIAOMI', 'ANDROID', 6),
(16, '[\"1646458992181/fake.exe\"]', '[\"1646458992181/Phippy-Goes-To-The-Zoo.pdf\"]', '任务推荐测试第16号数据；时间2022-03-31 11:49:04.581716；测试类型：PERFORMANCE；测试设备操作系统：ANDROID', '2022-03-31 11:49:05', '2022-04-30 11:49:05', 15, 3, 'PERFORMANCE', 3, 'ASUS', 'ANDROID', 2),
(17, '[\"1646458992181/fake.exe\"]', '[\"1646458992181/Phippy-Goes-To-The-Zoo.pdf\"]', '任务推荐测试第17号数据；时间2022-03-31 11:49:04.581716；测试类型：FUNCTION；测试设备操作系统：OTHER', '2022-03-31 11:49:05', '2022-06-30 11:49:05', 12, 1, 'FUNCTION', 2, 'IQOO', 'OTHER', 3),
(18, '[\"1646458992181/fake.exe\"]', '[\"1646458992181/Phippy-Goes-To-The-Zoo.pdf\"]', '任务推荐测试第18号数据；时间2022-03-31 11:49:04.581716；测试类型：FUNCTION；测试设备操作系统：LINUX', '2022-03-31 11:49:05', '2022-04-30 11:49:05', 18, 1, 'FUNCTION', 5, 'VIVO', 'LINUX', 8),
(19, '[\"1646458992181/fake.exe\"]', '[\"1646458992181/Phippy-Goes-To-The-Zoo.pdf\"]', '任务推荐测试第19号数据；时间2022-03-31 11:49:04.581716；测试类型：PERFORMANCE；测试设备操作系统：ANDROID', '2022-03-31 11:49:05', '2022-08-31 11:49:05', 19, 4, 'PERFORMANCE', 10, 'XIAOMI', 'ANDROID', 8),
(20, '[\"1646458992181/fake.exe\"]', '[\"1646458992181/Phippy-Goes-To-The-Zoo.pdf\"]', '任务推荐测试第20号数据；时间2022-03-31 11:49:04.581716；测试类型：FUNCTION；测试设备操作系统：OTHER', '2022-03-31 11:49:05', '2022-07-31 11:49:05', 17, 3, 'FUNCTION', 2, 'PIXEL', 'OTHER', 10),
(21, '[\"1646458992181/fake.exe\"]', '[\"1646458992181/Phippy-Goes-To-The-Zoo.pdf\"]', '任务推荐测试第21号数据；时间2022-03-31 11:49:04.581716；测试类型：PERFORMANCE；测试设备操作系统：LINUX', '2022-03-31 11:49:05', '2022-08-31 11:49:05', 14, 5, 'PERFORMANCE', 2, 'MSI', 'LINUX', 8),
(22, '[\"1646458992181/fake.exe\"]', '[\"1646458992181/Phippy-Goes-To-The-Zoo.pdf\"]', '任务推荐测试第22号数据；时间2022-03-31 11:49:04.581716；测试类型：PERFORMANCE；测试设备操作系统：LINUX', '2022-03-31 11:49:05', '2022-06-30 11:49:05', 20, 4, 'PERFORMANCE', 10, 'HP', 'LINUX', 2),
(23, '[\"1646458992181/fake.exe\"]', '[\"1646458992181/Phippy-Goes-To-The-Zoo.pdf\"]', '任务推荐测试第23号数据；时间2022-03-31 11:49:04.581716；测试类型：FUNCTION；测试设备操作系统：IPADOS', '2022-03-31 11:49:05', '2022-05-31 11:49:05', 5, 0, 'FUNCTION', 6, 'APPLE', 'IPADOS', 8),
(24, '[\"1646458992181/fake.exe\"]', '[\"1646458992181/Phippy-Goes-To-The-Zoo.pdf\"]', '任务推荐测试第24号数据；时间2022-03-31 11:49:04.581716；测试类型：PERFORMANCE；测试设备操作系统：WINDOWS', '2022-03-31 11:49:05', '2022-08-31 11:49:05', 9, 5, 'PERFORMANCE', 3, 'ASUS', 'WINDOWS', 4),
(25, '[\"1646458992181/fake.exe\"]', '[\"1646458992181/Phippy-Goes-To-The-Zoo.pdf\"]', '任务推荐测试第25号数据；时间2022-03-31 11:49:04.581716；测试类型：PERFORMANCE；测试设备操作系统：LINUX', '2022-03-31 11:49:05', '2022-05-31 11:49:05', 9, 5, 'PERFORMANCE', 3, 'SAMSUNG', 'LINUX', 5),
(26, '[\"1646458992181/fake.exe\"]', '[\"1646458992181/Phippy-Goes-To-The-Zoo.pdf\"]', '任务推荐测试第26号数据；时间2022-03-31 11:49:04.581716；测试类型：PERFORMANCE；测试设备操作系统：WINDOWS', '2022-03-31 11:49:05', '2022-06-30 11:49:05', 11, 7, 'PERFORMANCE', 10, 'MSI', 'WINDOWS', 5),
(27, '[\"1646458992181/fake.exe\"]', '[\"1646458992181/Phippy-Goes-To-The-Zoo.pdf\"]', '任务推荐测试第27号数据；时间2022-03-31 11:49:04.581716；测试类型：PERFORMANCE；测试设备操作系统：LINUX', '2022-03-31 11:49:05', '2022-07-31 11:49:05', 10, 9, 'PERFORMANCE', 9, 'OPPO', 'LINUX', 5),
(28, '[\"1646458992181/fake.exe\"]', '[\"1646458992181/Phippy-Goes-To-The-Zoo.pdf\"]', '任务推荐测试第28号数据；时间2022-03-31 11:49:04.581716；测试类型：PERFORMANCE；测试设备操作系统：LINUX', '2022-03-31 11:49:05', '2022-06-30 11:49:05', 7, 2, 'PERFORMANCE', 3, 'HP', 'LINUX', 1),
(29, '[\"1646458992181/fake.exe\"]', '[\"1646458992181/Phippy-Goes-To-The-Zoo.pdf\"]', '任务推荐测试第29号数据；时间2022-03-31 11:49:04.581716；测试类型：PERFORMANCE；测试设备操作系统：ANDROID', '2022-03-31 11:49:05', '2022-05-31 11:49:05', 13, 7, 'PERFORMANCE', 6, 'XIAOMI', 'ANDROID', 2),
(30, '[\"1646458992181/fake.exe\"]', '[\"1646458992181/Phippy-Goes-To-The-Zoo.pdf\"]', '任务推荐测试第30号数据；时间2022-03-31 11:49:04.581716；测试类型：PERFORMANCE；测试设备操作系统：LINUX', '2022-03-31 11:49:05', '2022-06-30 11:49:05', 18, 1, 'PERFORMANCE', 8, 'NOKIA', 'LINUX', 4),
(31, '[\"1646458992181/fake.exe\"]', '[\"1646458992181/Phippy-Goes-To-The-Zoo.pdf\"]', '任务推荐测试第31号数据；时间2022-03-31 11:49:04.581716；测试类型：PERFORMANCE；测试设备操作系统：LINUX', '2022-03-31 11:49:05', '2022-04-30 11:49:05', 12, 7, 'PERFORMANCE', 10, 'OPPO', 'LINUX', 10),
(32, '[\"1646458992181/fake.exe\"]', '[\"1646458992181/Phippy-Goes-To-The-Zoo.pdf\"]', '任务推荐测试第32号数据；时间2022-03-31 11:49:04.581716；测试类型：PERFORMANCE；测试设备操作系统：ANDROID', '2022-03-31 11:49:05', '2022-07-31 11:49:05', 6, 1, 'PERFORMANCE', 5, 'REALME', 'ANDROID', 1),
(33, '[\"1646458992181/fake.exe\"]', '[\"1646458992181/Phippy-Goes-To-The-Zoo.pdf\"]', '任务推荐测试第33号数据；时间2022-03-31 11:49:04.581716；测试类型：PERFORMANCE；测试设备操作系统：ANDROID', '2022-03-31 11:49:05', '2022-05-31 11:49:05', 20, 18, 'PERFORMANCE', 9, 'ASUS', 'ANDROID', 5),
(34, '[\"1646458992181/fake.exe\"]', '[\"1646458992181/Phippy-Goes-To-The-Zoo.pdf\"]', '任务推荐测试第34号数据；时间2022-03-31 11:49:04.581716；测试类型：FUNCTION；测试设备操作系统：LINUX', '2022-03-31 11:49:05', '2022-07-31 11:49:05', 8, 2, 'FUNCTION', 9, 'HUAWEI', 'LINUX', 10),
(35, '[\"1646458992181/fake.exe\"]', '[\"1646458992181/Phippy-Goes-To-The-Zoo.pdf\"]', '任务推荐测试第35号数据；时间2022-03-31 11:49:04.581716；测试类型：FUNCTION；测试设备操作系统：ANDROID', '2022-03-31 11:49:05', '2022-04-30 11:49:05', 19, 6, 'FUNCTION', 6, 'HP', 'ANDROID', 1),
(36, '[\"1646458992181/fake.exe\"]', '[\"1646458992181/Phippy-Goes-To-The-Zoo.pdf\"]', '任务推荐测试第36号数据；时间2022-03-31 11:49:04.581716；测试类型：PERFORMANCE；测试设备操作系统：LINUX', '2022-03-31 11:49:05', '2022-08-31 11:49:05', 14, 11, 'PERFORMANCE', 8, 'MSI', 'LINUX', 10),
(37, '[\"1646458992181/fake.exe\"]', '[\"1646458992181/Phippy-Goes-To-The-Zoo.pdf\"]', '任务推荐测试第37号数据；时间2022-03-31 11:49:04.581716；测试类型：FUNCTION；测试设备操作系统：LINUX', '2022-03-31 11:49:05', '2022-06-30 11:49:05', 6, 2, 'FUNCTION', 10, 'GIGABYTE', 'LINUX', 4),
(38, '[\"1646458992181/fake.exe\"]', '[\"1646458992181/Phippy-Goes-To-The-Zoo.pdf\"]', '任务推荐测试第38号数据；时间2022-03-31 11:49:04.581716；测试类型：PERFORMANCE；测试设备操作系统：WINDOWS', '2022-03-31 11:49:05', '2022-04-30 11:49:05', 5, 1, 'PERFORMANCE', 7, 'XIAOMI', 'WINDOWS', 5),
(39, '[\"1646458992181/fake.exe\"]', '[\"1646458992181/Phippy-Goes-To-The-Zoo.pdf\"]', '任务推荐测试第39号数据；时间2022-03-31 11:49:04.581716；测试类型：PERFORMANCE；测试设备操作系统：OTHER', '2022-03-31 11:49:05', '2022-08-31 11:49:05', 5, 3, 'PERFORMANCE', 8, 'LG', 'OTHER', 6),
(40, '[\"1646458992181/fake.exe\"]', '[\"1646458992181/Phippy-Goes-To-The-Zoo.pdf\"]', '任务推荐测试第40号数据；时间2022-03-31 11:49:04.581716；测试类型：PERFORMANCE；测试设备操作系统：OTHER', '2022-03-31 11:49:05', '2022-05-31 11:49:05', 16, 7, 'PERFORMANCE', 4, 'HP', 'OTHER', 4),
(41, '[\"1646458992181/fake.exe\"]', '[\"1646458992181/Phippy-Goes-To-The-Zoo.pdf\"]', '任务推荐测试第41号数据；时间2022-03-31 11:49:04.581716；测试类型：PERFORMANCE；测试设备操作系统：OTHER', '2022-03-31 11:49:05', '2022-07-31 11:49:05', 14, 0, 'PERFORMANCE', 5, 'MSI', 'OTHER', 3),
(42, '[\"1646458992181/fake.exe\"]', '[\"1646458992181/Phippy-Goes-To-The-Zoo.pdf\"]', '任务推荐测试第42号数据；时间2022-03-31 11:49:04.581716；测试类型：FUNCTION；测试设备操作系统：OTHER', '2022-03-31 11:49:05', '2022-06-30 11:49:05', 11, 2, 'FUNCTION', 4, 'NOKIA', 'OTHER', 8),
(43, '[\"1646458992181/fake.exe\"]', '[\"1646458992181/Phippy-Goes-To-The-Zoo.pdf\"]', '任务推荐测试第43号数据；时间2022-03-31 11:49:04.581716；测试类型：FUNCTION；测试设备操作系统：OTHER', '2022-03-31 11:49:05', '2022-04-30 11:49:05', 6, 3, 'FUNCTION', 5, 'XIAOMI', 'OTHER', 8),
(44, '[\"1646458992181/fake.exe\"]', '[\"1646458992181/Phippy-Goes-To-The-Zoo.pdf\"]', '任务推荐测试第44号数据；时间2022-03-31 11:49:04.581716；测试类型：FUNCTION；测试设备操作系统：OTHER', '2022-03-31 11:49:05', '2022-06-30 11:49:05', 14, 11, 'FUNCTION', 3, 'IQOO', 'OTHER', 8),
(45, '[\"1646458992181/fake.exe\"]', '[\"1646458992181/Phippy-Goes-To-The-Zoo.pdf\"]', '任务推荐测试第45号数据；时间2022-03-31 11:49:04.581716；测试类型：FUNCTION；测试设备操作系统：WINDOWS', '2022-03-31 11:49:05', '2022-07-31 11:49:05', 19, 7, 'FUNCTION', 10, 'LENOVO', 'WINDOWS', 5),
(46, '[\"1646458992181/fake.exe\"]', '[\"1646458992181/Phippy-Goes-To-The-Zoo.pdf\"]', '任务推荐测试第46号数据；时间2022-03-31 11:49:04.581716；测试类型：FUNCTION；测试设备操作系统：LINUX', '2022-03-31 11:49:05', '2022-06-30 11:49:05', 5, 4, 'FUNCTION', 4, 'REALME', 'LINUX', 4),
(47, '[\"1646458992181/fake.exe\"]', '[\"1646458992181/Phippy-Goes-To-The-Zoo.pdf\"]', '任务推荐测试第47号数据；时间2022-03-31 11:49:04.581716；测试类型：PERFORMANCE；测试设备操作系统：WINDOWS', '2022-03-31 11:49:05', '2022-05-31 11:49:05', 14, 5, 'PERFORMANCE', 4, 'ONEPLUS', 'WINDOWS', 9),
(48, '[\"1646458992181/fake.exe\"]', '[\"1646458992181/Phippy-Goes-To-The-Zoo.pdf\"]', '任务推荐测试第48号数据；时间2022-03-31 11:49:04.582721；测试类型：PERFORMANCE；测试设备操作系统：OTHER', '2022-03-31 11:49:05', '2022-04-30 11:49:05', 12, 8, 'PERFORMANCE', 7, 'GIGABYTE', 'OTHER', 2),
(49, '[\"1646458992181/fake.exe\"]', '[\"1646458992181/Phippy-Goes-To-The-Zoo.pdf\"]', '任务推荐测试第49号数据；时间2022-03-31 11:49:04.582721；测试类型：PERFORMANCE；测试设备操作系统：ANDROID', '2022-03-31 11:49:05', '2022-07-31 11:49:05', 9, 6, 'PERFORMANCE', 7, 'REALME', 'ANDROID', 4),
(50, '[\"1646458992181/fake.exe\"]', '[\"1646458992181/Phippy-Goes-To-The-Zoo.pdf\"]', '任务推荐测试第50号数据；时间2022-03-31 11:49:04.582721；测试类型：FUNCTION；测试设备操作系统：MACOS', '2022-03-31 11:49:05', '2022-06-30 11:49:05', 10, 2, 'FUNCTION', 6, 'APPLE', 'MACOS', 9),
(51, '[\"1646458992181/fake.exe\"]', '[\"1646458992181/Phippy-Goes-To-The-Zoo.pdf\"]', '任务推荐测试第51号数据；时间2022-03-31 11:49:04.582721；测试类型：PERFORMANCE；测试设备操作系统：ANDROID', '2022-03-31 11:49:05', '2022-08-31 11:49:05', 5, 3, 'PERFORMANCE', 4, 'DELL', 'ANDROID', 9),
(52, '[\"1646458992181/fake.exe\"]', '[\"1646458992181/Phippy-Goes-To-The-Zoo.pdf\"]', '任务推荐测试第52号数据；时间2022-03-31 11:49:04.582721；测试类型：PERFORMANCE；测试设备操作系统：WINDOWS', '2022-03-31 11:49:05', '2022-06-30 11:49:05', 19, 17, 'PERFORMANCE', 6, 'LENOVO', 'WINDOWS', 8),
(53, '[\"1646458992181/fake.exe\"]', '[\"1646458992181/Phippy-Goes-To-The-Zoo.pdf\"]', '任务推荐测试第53号数据；时间2022-03-31 11:49:04.582721；测试类型：PERFORMANCE；测试设备操作系统：LINUX', '2022-03-31 11:49:05', '2022-08-31 11:49:05', 6, 5, 'PERFORMANCE', 10, 'HP', 'LINUX', 5),
(54, '[\"1646458992181/fake.exe\"]', '[\"1646458992181/Phippy-Goes-To-The-Zoo.pdf\"]', '任务推荐测试第54号数据；时间2022-03-31 11:49:04.582721；测试类型：PERFORMANCE；测试设备操作系统：LINUX', '2022-03-31 11:49:05', '2022-07-31 11:49:05', 20, 17, 'PERFORMANCE', 10, 'ONEPLUS', 'LINUX', 8),
(55, '[\"1646458992181/fake.exe\"]', '[\"1646458992181/Phippy-Goes-To-The-Zoo.pdf\"]', '任务推荐测试第55号数据；时间2022-03-31 11:49:04.582721；测试类型：PERFORMANCE；测试设备操作系统：LINUX', '2022-03-31 11:49:05', '2022-06-30 11:49:05', 6, 2, 'PERFORMANCE', 2, 'MSI', 'LINUX', 2),
(56, '[\"1646458992181/fake.exe\"]', '[\"1646458992181/Phippy-Goes-To-The-Zoo.pdf\"]', '任务推荐测试第56号数据；时间2022-03-31 11:49:04.582721；测试类型：FUNCTION；测试设备操作系统：MACOS', '2022-03-31 11:49:05', '2022-05-31 11:49:05', 6, 1, 'FUNCTION', 4, 'APPLE', 'MACOS', 4),
(57, '[\"1646458992181/fake.exe\"]', '[\"1646458992181/Phippy-Goes-To-The-Zoo.pdf\"]', '任务推荐测试第57号数据；时间2022-03-31 11:49:04.582721；测试类型：FUNCTION；测试设备操作系统：LINUX', '2022-03-31 11:49:05', '2022-04-30 11:49:05', 17, 10, 'FUNCTION', 5, 'IQOO', 'LINUX', 8),
(58, '[\"1646458992181/fake.exe\"]', '[\"1646458992181/Phippy-Goes-To-The-Zoo.pdf\"]', '任务推荐测试第58号数据；时间2022-03-31 11:49:04.582721；测试类型：PERFORMANCE；测试设备操作系统：ANDROID', '2022-03-31 11:49:05', '2022-05-31 11:49:05', 19, 9, 'PERFORMANCE', 8, 'HUAWEI', 'ANDROID', 8),
(59, '[\"1646458992181/fake.exe\"]', '[\"1646458992181/Phippy-Goes-To-The-Zoo.pdf\"]', '任务推荐测试第59号数据；时间2022-03-31 11:49:04.582721；测试类型：PERFORMANCE；测试设备操作系统：OTHER', '2022-03-31 11:49:05', '2022-04-30 11:49:05', 5, 0, 'PERFORMANCE', 3, 'LG', 'OTHER', 1),
(60, '[\"1646458992181/fake.exe\"]', '[\"1646458992181/Phippy-Goes-To-The-Zoo.pdf\"]', '任务推荐测试第60号数据；时间2022-03-31 11:49:04.582721；测试类型：PERFORMANCE；测试设备操作系统：ANDROID', '2022-03-31 11:49:05', '2022-04-30 11:49:05', 5, 2, 'PERFORMANCE', 10, 'MSI', 'ANDROID', 6),
(61, '[\"1646458992181/fake.exe\"]', '[\"1646458992181/Phippy-Goes-To-The-Zoo.pdf\"]', '任务推荐测试第61号数据；时间2022-03-31 11:49:04.582721；测试类型：FUNCTION；测试设备操作系统：ANDROID', '2022-03-31 11:49:05', '2022-06-30 11:49:05', 12, 9, 'FUNCTION', 4, 'VIVO', 'ANDROID', 5),
(62, '[\"1646458992181/fake.exe\"]', '[\"1646458992181/Phippy-Goes-To-The-Zoo.pdf\"]', '任务推荐测试第62号数据；时间2022-03-31 11:49:04.582721；测试类型：FUNCTION；测试设备操作系统：LINUX', '2022-03-31 11:49:05', '2022-07-31 11:49:05', 15, 9, 'FUNCTION', 9, 'XIAOMI', 'LINUX', 4),
(63, '[\"1646458992181/fake.exe\"]', '[\"1646458992181/Phippy-Goes-To-The-Zoo.pdf\"]', '任务推荐测试第63号数据；时间2022-03-31 11:49:04.582721；测试类型：FUNCTION；测试设备操作系统：WINDOWS', '2022-03-31 11:49:05', '2022-06-30 11:49:05', 11, 5, 'FUNCTION', 4, 'REALME', 'WINDOWS', 7),
(64, '[\"1646458992181/fake.exe\"]', '[\"1646458992181/Phippy-Goes-To-The-Zoo.pdf\"]', '任务推荐测试第64号数据；时间2022-03-31 11:49:04.582721；测试类型：FUNCTION；测试设备操作系统：OTHER', '2022-03-31 11:49:05', '2022-06-30 11:49:05', 12, 3, 'FUNCTION', 8, 'REALME', 'OTHER', 2),
(65, '[\"1646458992181/fake.exe\"]', '[\"1646458992181/Phippy-Goes-To-The-Zoo.pdf\"]', '任务推荐测试第65号数据；时间2022-03-31 11:49:04.582721；测试类型：PERFORMANCE；测试设备操作系统：OTHER', '2022-03-31 11:49:05', '2022-05-31 11:49:05', 12, 2, 'PERFORMANCE', 9, 'HUAWEI', 'OTHER', 4),
(66, '[\"1646458992181/fake.exe\"]', '[\"1646458992181/Phippy-Goes-To-The-Zoo.pdf\"]', '任务推荐测试第66号数据；时间2022-03-31 11:49:04.583692；测试类型：PERFORMANCE；测试设备操作系统：WINDOWS', '2022-03-31 11:49:05', '2022-06-30 11:49:05', 8, 4, 'PERFORMANCE', 7, 'OTHER', 'WINDOWS', 8),
(67, '[\"1646458992181/fake.exe\"]', '[\"1646458992181/Phippy-Goes-To-The-Zoo.pdf\"]', '任务推荐测试第67号数据；时间2022-03-31 11:49:04.583692；测试类型：PERFORMANCE；测试设备操作系统：OTHER', '2022-03-31 11:49:05', '2022-04-30 11:49:05', 10, 2, 'PERFORMANCE', 3, 'PIXEL', 'OTHER', 8),
(68, '[\"1646458992181/fake.exe\"]', '[\"1646458992181/Phippy-Goes-To-The-Zoo.pdf\"]', '任务推荐测试第68号数据；时间2022-03-31 11:49:04.583692；测试类型：PERFORMANCE；测试设备操作系统：LINUX', '2022-03-31 11:49:05', '2022-08-31 11:49:05', 9, 7, 'PERFORMANCE', 10, 'DELL', 'LINUX', 3),
(69, '[\"1646458992181/fake.exe\"]', '[\"1646458992181/Phippy-Goes-To-The-Zoo.pdf\"]', '任务推荐测试第69号数据；时间2022-03-31 11:49:04.583692；测试类型：FUNCTION；测试设备操作系统：MACOS', '2022-03-31 11:49:05', '2022-04-30 11:49:05', 18, 14, 'FUNCTION', 4, 'APPLE', 'MACOS', 7),
(70, '[\"1646458992181/fake.exe\"]', '[\"1646458992181/Phippy-Goes-To-The-Zoo.pdf\"]', '任务推荐测试第70号数据；时间2022-03-31 11:49:04.583692；测试类型：PERFORMANCE；测试设备操作系统：ANDROID', '2022-03-31 11:49:05', '2022-07-31 11:49:05', 5, 0, 'PERFORMANCE', 8, 'ONEPLUS', 'ANDROID', 4),
(71, '[\"1646458992181/fake.exe\"]', '[\"1646458992181/Phippy-Goes-To-The-Zoo.pdf\"]', '任务推荐测试第71号数据；时间2022-03-31 11:49:04.583692；测试类型：FUNCTION；测试设备操作系统：MACOS', '2022-03-31 11:49:05', '2022-06-30 11:49:05', 8, 7, 'FUNCTION', 8, 'APPLE', 'MACOS', 5),
(72, '[\"1646458992181/fake.exe\"]', '[\"1646458992181/Phippy-Goes-To-The-Zoo.pdf\"]', '任务推荐测试第72号数据；时间2022-03-31 11:49:04.583692；测试类型：FUNCTION；测试设备操作系统：OTHER', '2022-03-31 11:49:05', '2022-08-31 11:49:05', 11, 5, 'FUNCTION', 4, 'REALME', 'OTHER', 6),
(73, '[\"1646458992181/fake.exe\"]', '[\"1646458992181/Phippy-Goes-To-The-Zoo.pdf\"]', '任务推荐测试第73号数据；时间2022-03-31 11:49:04.583692；测试类型：PERFORMANCE；测试设备操作系统：OTHER', '2022-03-31 11:49:05', '2022-07-31 11:49:05', 5, 2, 'PERFORMANCE', 6, 'SAMSUNG', 'OTHER', 9),
(74, '[\"1646458992181/fake.exe\"]', '[\"1646458992181/Phippy-Goes-To-The-Zoo.pdf\"]', '任务推荐测试第74号数据；时间2022-03-31 11:49:04.583692；测试类型：PERFORMANCE；测试设备操作系统：ANDROID', '2022-03-31 11:49:05', '2022-08-31 11:49:05', 18, 1, 'PERFORMANCE', 6, 'LENOVO', 'ANDROID', 1),
(75, '[\"1646458992181/fake.exe\"]', '[\"1646458992181/Phippy-Goes-To-The-Zoo.pdf\"]', '任务推荐测试第75号数据；时间2022-03-31 11:49:04.583692；测试类型：PERFORMANCE；测试设备操作系统：WINDOWS', '2022-03-31 11:49:05', '2022-05-31 11:49:05', 10, 6, 'PERFORMANCE', 5, 'HUAWEI', 'WINDOWS', 2),
(76, '[\"1646458992181/fake.exe\"]', '[\"1646458992181/Phippy-Goes-To-The-Zoo.pdf\"]', '任务推荐测试第76号数据；时间2022-03-31 11:49:04.583692；测试类型：PERFORMANCE；测试设备操作系统：LINUX', '2022-03-31 11:49:05', '2022-07-31 11:49:05', 11, 7, 'PERFORMANCE', 6, 'DELL', 'LINUX', 10),
(77, '[\"1646458992181/fake.exe\"]', '[\"1646458992181/Phippy-Goes-To-The-Zoo.pdf\"]', '任务推荐测试第77号数据；时间2022-03-31 11:49:04.583692；测试类型：PERFORMANCE；测试设备操作系统：ANDROID', '2022-03-31 11:49:05', '2022-04-30 11:49:05', 5, 0, 'PERFORMANCE', 7, 'ONEPLUS', 'ANDROID', 5),
(78, '[\"1646458992181/fake.exe\"]', '[\"1646458992181/Phippy-Goes-To-The-Zoo.pdf\"]', '任务推荐测试第78号数据；时间2022-03-31 11:49:04.583692；测试类型：PERFORMANCE；测试设备操作系统：WINDOWS', '2022-03-31 11:49:05', '2022-06-30 11:49:05', 15, 2, 'PERFORMANCE', 2, 'XIAOMI', 'WINDOWS', 10),
(79, '[\"1646458992181/fake.exe\"]', '[\"1646458992181/Phippy-Goes-To-The-Zoo.pdf\"]', '任务推荐测试第79号数据；时间2022-03-31 11:49:04.583692；测试类型：PERFORMANCE；测试设备操作系统：LINUX', '2022-03-31 11:49:05', '2022-04-30 11:49:05', 12, 2, 'PERFORMANCE', 10, 'LENOVO', 'LINUX', 2),
(80, '[\"1646458992181/fake.exe\"]', '[\"1646458992181/Phippy-Goes-To-The-Zoo.pdf\"]', '任务推荐测试第80号数据；时间2022-03-31 11:49:04.583692；测试类型：PERFORMANCE；测试设备操作系统：WINDOWS', '2022-03-31 11:49:05', '2022-07-31 11:49:05', 11, 5, 'PERFORMANCE', 10, 'GIGABYTE', 'WINDOWS', 5),
(81, '[\"1646458992181/fake.exe\"]', '[\"1646458992181/Phippy-Goes-To-The-Zoo.pdf\"]', '任务推荐测试第81号数据；时间2022-03-31 11:49:04.583692；测试类型：PERFORMANCE；测试设备操作系统：ANDROID', '2022-03-31 11:49:05', '2022-07-31 11:49:05', 17, 6, 'PERFORMANCE', 2, 'LENOVO', 'ANDROID', 9),
(82, '[\"1646458992181/fake.exe\"]', '[\"1646458992181/Phippy-Goes-To-The-Zoo.pdf\"]', '任务推荐测试第82号数据；时间2022-03-31 11:49:04.583692；测试类型：PERFORMANCE；测试设备操作系统：LINUX', '2022-03-31 11:49:05', '2022-08-31 11:49:05', 15, 10, 'PERFORMANCE', 5, 'HUAWEI', 'LINUX', 10),
(83, '[\"1646458992181/fake.exe\"]', '[\"1646458992181/Phippy-Goes-To-The-Zoo.pdf\"]', '任务推荐测试第83号数据；时间2022-03-31 11:49:04.583692；测试类型：FUNCTION；测试设备操作系统：WINDOWS', '2022-03-31 11:49:05', '2022-07-31 11:49:05', 7, 2, 'FUNCTION', 2, 'IQOO', 'WINDOWS', 6),
(84, '[\"1646458992181/fake.exe\"]', '[\"1646458992181/Phippy-Goes-To-The-Zoo.pdf\"]', '任务推荐测试第84号数据；时间2022-03-31 11:49:04.583692；测试类型：PERFORMANCE；测试设备操作系统：OTHER', '2022-03-31 11:49:05', '2022-06-30 11:49:05', 7, 3, 'PERFORMANCE', 4, 'PIXEL', 'OTHER', 2),
(85, '[\"1646458992181/fake.exe\"]', '[\"1646458992181/Phippy-Goes-To-The-Zoo.pdf\"]', '任务推荐测试第85号数据；时间2022-03-31 11:49:04.583692；测试类型：PERFORMANCE；测试设备操作系统：LINUX', '2022-03-31 11:49:05', '2022-06-30 11:49:05', 10, 8, 'PERFORMANCE', 5, 'ONEPLUS', 'LINUX', 7),
(86, '[\"1646458992181/fake.exe\"]', '[\"1646458992181/Phippy-Goes-To-The-Zoo.pdf\"]', '任务推荐测试第86号数据；时间2022-03-31 11:49:04.583692；测试类型：FUNCTION；测试设备操作系统：ANDROID', '2022-03-31 11:49:05', '2022-05-31 11:49:05', 10, 3, 'FUNCTION', 3, 'HP', 'ANDROID', 10),
(87, '[\"1646458992181/fake.exe\"]', '[\"1646458992181/Phippy-Goes-To-The-Zoo.pdf\"]', '任务推荐测试第87号数据；时间2022-03-31 11:49:04.583692；测试类型：PERFORMANCE；测试设备操作系统：LINUX', '2022-03-31 11:49:05', '2022-07-31 11:49:05', 5, 1, 'PERFORMANCE', 9, 'REALME', 'LINUX', 8),
(88, '[\"1646458992181/fake.exe\"]', '[\"1646458992181/Phippy-Goes-To-The-Zoo.pdf\"]', '任务推荐测试第88号数据；时间2022-03-31 11:49:04.583692；测试类型：PERFORMANCE；测试设备操作系统：WINDOWS', '2022-03-31 11:49:05', '2022-08-31 11:49:05', 9, 1, 'PERFORMANCE', 8, 'SAMSUNG', 'WINDOWS', 7),
(89, '[\"1646458992181/fake.exe\"]', '[\"1646458992181/Phippy-Goes-To-The-Zoo.pdf\"]', '任务推荐测试第89号数据；时间2022-03-31 11:49:04.583692；测试类型：PERFORMANCE；测试设备操作系统：LINUX', '2022-03-31 11:49:05', '2022-04-30 11:49:05', 5, 2, 'PERFORMANCE', 6, 'HUAWEI', 'LINUX', 1),
(90, '[\"1646458992181/fake.exe\"]', '[\"1646458992181/Phippy-Goes-To-The-Zoo.pdf\"]', '任务推荐测试第90号数据；时间2022-03-31 11:49:04.583692；测试类型：PERFORMANCE；测试设备操作系统：WINDOWS', '2022-03-31 11:49:05', '2022-05-31 11:49:05', 20, 6, 'PERFORMANCE', 2, 'OTHER', 'WINDOWS', 3),
(91, '[\"1646458992181/fake.exe\"]', '[\"1646458992181/Phippy-Goes-To-The-Zoo.pdf\"]', '任务推荐测试第91号数据；时间2022-03-31 11:49:04.584722；测试类型：PERFORMANCE；测试设备操作系统：OTHER', '2022-03-31 11:49:05', '2022-07-31 11:49:05', 7, 0, 'PERFORMANCE', 9, 'GIGABYTE', 'OTHER', 3),
(92, '[\"1646458992181/fake.exe\"]', '[\"1646458992181/Phippy-Goes-To-The-Zoo.pdf\"]', '任务推荐测试第92号数据；时间2022-03-31 11:49:04.584722；测试类型：PERFORMANCE；测试设备操作系统：OTHER', '2022-03-31 11:49:05', '2022-06-30 11:49:05', 14, 2, 'PERFORMANCE', 10, 'LG', 'OTHER', 7),
(93, '[\"1646458992181/fake.exe\"]', '[\"1646458992181/Phippy-Goes-To-The-Zoo.pdf\"]', '任务推荐测试第93号数据；时间2022-03-31 11:49:04.584722；测试类型：FUNCTION；测试设备操作系统：OTHER', '2022-03-31 11:49:05', '2022-07-31 11:49:05', 17, 3, 'FUNCTION', 4, 'NOKIA', 'OTHER', 6),
(94, '[\"1646458992181/fake.exe\"]', '[\"1646458992181/Phippy-Goes-To-The-Zoo.pdf\"]', '任务推荐测试第94号数据；时间2022-03-31 11:49:04.584722；测试类型：PERFORMANCE；测试设备操作系统：LINUX', '2022-03-31 11:49:05', '2022-04-30 11:49:05', 12, 3, 'PERFORMANCE', 10, 'REALME', 'LINUX', 6),
(95, '[\"1646458992181/fake.exe\"]', '[\"1646458992181/Phippy-Goes-To-The-Zoo.pdf\"]', '任务推荐测试第95号数据；时间2022-03-31 11:49:04.584722；测试类型：PERFORMANCE；测试设备操作系统：MACOS', '2022-03-31 11:49:05', '2022-07-31 11:49:05', 20, 9, 'PERFORMANCE', 4, 'APPLE', 'MACOS', 4),
(96, '[\"1646458992181/fake.exe\"]', '[\"1646458992181/Phippy-Goes-To-The-Zoo.pdf\"]', '任务推荐测试第96号数据；时间2022-03-31 11:49:04.584722；测试类型：PERFORMANCE；测试设备操作系统：IOS', '2022-03-31 11:49:05', '2022-05-31 11:49:05', 18, 8, 'PERFORMANCE', 5, 'APPLE', 'IOS', 8),
(97, '[\"1646458992181/fake.exe\"]', '[\"1646458992181/Phippy-Goes-To-The-Zoo.pdf\"]', '任务推荐测试第97号数据；时间2022-03-31 11:49:04.584722；测试类型：PERFORMANCE；测试设备操作系统：LINUX', '2022-03-31 11:49:05', '2022-07-31 11:49:05', 18, 10, 'PERFORMANCE', 3, 'IQOO', 'LINUX', 1),
(98, '[\"1646458992181/fake.exe\"]', '[\"1646458992181/Phippy-Goes-To-The-Zoo.pdf\"]', '任务推荐测试第98号数据；时间2022-03-31 11:49:04.584722；测试类型：PERFORMANCE；测试设备操作系统：IOS', '2022-03-31 11:49:05', '2022-08-31 11:49:05', 16, 6, 'PERFORMANCE', 4, 'APPLE', 'IOS', 8),
(99, '[\"1646458992181/fake.exe\"]', '[\"1646458992181/Phippy-Goes-To-The-Zoo.pdf\"]', '任务推荐测试第99号数据；时间2022-03-31 11:49:04.584722；测试类型：PERFORMANCE；测试设备操作系统：LINUX', '2022-03-31 11:49:05', '2022-07-31 11:49:05', 19, 16, 'PERFORMANCE', 7, 'VIVO', 'LINUX', 7),
(100, '[\"1646458992181/fake.exe\"]', '[\"1646458992181/Phippy-Goes-To-The-Zoo.pdf\"]', '任务推荐测试第100号数据；时间2022-03-31 11:49:04.584722；测试类型：FUNCTION；测试设备操作系统：OTHER', '2022-03-31 11:49:05', '2022-06-30 11:49:05', 11, 2, 'FUNCTION', 7, 'OPPO', 'OTHER', 10),
(101, '[\"1646458992181/fake.exe\"]', '[\"1646458992181/Phippy-Goes-To-The-Zoo.pdf\"]', '任务推荐测试第101号数据；时间2022-03-31 11:49:04.584722；测试类型：PERFORMANCE；测试设备操作系统：LINUX', '2022-03-31 11:49:05', '2022-06-30 11:49:05', 16, 11, 'PERFORMANCE', 3, 'XIAOMI', 'LINUX', 4),
(102, '[\"1646458992181/fake.exe\"]', '[\"1646458992181/Phippy-Goes-To-The-Zoo.pdf\"]', '任务推荐测试第102号数据；时间2022-03-31 11:49:04.584722；测试类型：PERFORMANCE；测试设备操作系统：OTHER', '2022-03-31 11:49:05', '2022-06-30 11:49:05', 10, 2, 'PERFORMANCE', 8, 'OPPO', 'OTHER', 9),
(103, '[\"1646458992181/fake.exe\"]', '[\"1646458992181/Phippy-Goes-To-The-Zoo.pdf\"]', '任务推荐测试第103号数据；时间2022-03-31 11:49:04.584722；测试类型：PERFORMANCE；测试设备操作系统：LINUX', '2022-03-31 11:49:05', '2022-08-31 11:49:05', 11, 10, 'PERFORMANCE', 2, 'DELL', 'LINUX', 1),
(104, '[\"1646458992181/fake.exe\"]', '[\"1646458992181/Phippy-Goes-To-The-Zoo.pdf\"]', '任务推荐测试第104号数据；时间2022-03-31 11:49:04.584722；测试类型：PERFORMANCE；测试设备操作系统：LINUX', '2022-03-31 11:49:05', '2022-08-31 11:49:05', 5, 1, 'PERFORMANCE', 6, 'LG', 'LINUX', 3),
(105, '[\"1646458992181/fake.exe\"]', '[\"1646458992181/Phippy-Goes-To-The-Zoo.pdf\"]', '任务推荐测试第105号数据；时间2022-03-31 11:49:04.584722；测试类型：PERFORMANCE；测试设备操作系统：WINDOWS', '2022-03-31 11:49:05', '2022-06-30 11:49:05', 20, 12, 'PERFORMANCE', 10, 'ONEPLUS', 'WINDOWS', 10),
(106, '[\"1646458992181/fake.exe\"]', '[\"1646458992181/Phippy-Goes-To-The-Zoo.pdf\"]', '任务推荐测试第106号数据；时间2022-03-31 11:49:04.584722；测试类型：FUNCTION；测试设备操作系统：LINUX', '2022-03-31 11:49:05', '2022-06-30 11:49:05', 10, 0, 'FUNCTION', 2, 'VIVO', 'LINUX', 10),
(107, '[\"1646458992181/fake.exe\"]', '[\"1646458992181/Phippy-Goes-To-The-Zoo.pdf\"]', '任务推荐测试第107号数据；时间2022-03-31 11:49:04.584722；测试类型：PERFORMANCE；测试设备操作系统：LINUX', '2022-03-31 11:49:05', '2022-06-30 11:49:05', 19, 8, 'PERFORMANCE', 5, 'GIGABYTE', 'LINUX', 6),
(108, '[\"1646458992181/fake.exe\"]', '[\"1646458992181/Phippy-Goes-To-The-Zoo.pdf\"]', '任务推荐测试第108号数据；时间2022-03-31 11:49:04.584722；测试类型：PERFORMANCE；测试设备操作系统：WINDOWS', '2022-03-31 11:49:05', '2022-06-30 11:49:05', 14, 10, 'PERFORMANCE', 5, 'XIAOMI', 'WINDOWS', 6),
(109, '[\"1646458992181/fake.exe\"]', '[\"1646458992181/Phippy-Goes-To-The-Zoo.pdf\"]', '任务推荐测试第109号数据；时间2022-03-31 11:49:04.584722；测试类型：PERFORMANCE；测试设备操作系统：ANDROID', '2022-03-31 11:49:05', '2022-05-31 11:49:05', 16, 0, 'PERFORMANCE', 10, 'HUAWEI', 'ANDROID', 7),
(110, '[\"1646458992181/fake.exe\"]', '[\"1646458992181/Phippy-Goes-To-The-Zoo.pdf\"]', '任务推荐测试第110号数据；时间2022-03-31 11:49:04.584722；测试类型：FUNCTION；测试设备操作系统：OTHER', '2022-03-31 11:49:05', '2022-05-31 11:49:05', 16, 13, 'FUNCTION', 4, 'LG', 'OTHER', 10),
(111, '[\"1646458992181/fake.exe\"]', '[\"1646458992181/Phippy-Goes-To-The-Zoo.pdf\"]', '任务推荐测试第111号数据；时间2022-03-31 11:49:04.584722；测试类型：PERFORMANCE；测试设备操作系统：LINUX', '2022-03-31 11:49:05', '2022-04-30 11:49:05', 6, 2, 'PERFORMANCE', 7, 'GIGABYTE', 'LINUX', 6),
(112, '[\"1646458992181/fake.exe\"]', '[\"1646458992181/Phippy-Goes-To-The-Zoo.pdf\"]', '任务推荐测试第112号数据；时间2022-03-31 11:49:04.584722；测试类型：FUNCTION；测试设备操作系统：LINUX', '2022-03-31 11:49:05', '2022-05-31 11:49:05', 19, 9, 'FUNCTION', 9, 'XIAOMI', 'LINUX', 8),
(113, '[\"1646458992181/fake.exe\"]', '[\"1646458992181/Phippy-Goes-To-The-Zoo.pdf\"]', '任务推荐测试第113号数据；时间2022-03-31 11:49:04.584722；测试类型：PERFORMANCE；测试设备操作系统：WINDOWS', '2022-03-31 11:49:05', '2022-05-31 11:49:05', 13, 1, 'PERFORMANCE', 8, 'REALME', 'WINDOWS', 1),
(114, '[\"1646458992181/fake.exe\"]', '[\"1646458992181/Phippy-Goes-To-The-Zoo.pdf\"]', '任务推荐测试第114号数据；时间2022-03-31 11:49:04.584722；测试类型：PERFORMANCE；测试设备操作系统：OTHER', '2022-03-31 11:49:05', '2022-04-30 11:49:05', 20, 12, 'PERFORMANCE', 5, 'SAMSUNG', 'OTHER', 10),
(115, '[\"1646458992181/fake.exe\"]', '[\"1646458992181/Phippy-Goes-To-The-Zoo.pdf\"]', '任务推荐测试第115号数据；时间2022-03-31 11:49:04.584722；测试类型：FUNCTION；测试设备操作系统：OTHER', '2022-03-31 11:49:05', '2022-04-30 11:49:05', 11, 0, 'FUNCTION', 6, 'LG', 'OTHER', 2),
(116, '[\"1646458992181/fake.exe\"]', '[\"1646458992181/Phippy-Goes-To-The-Zoo.pdf\"]', '任务推荐测试第116号数据；时间2022-03-31 11:49:04.585722；测试类型：PERFORMANCE；测试设备操作系统：ANDROID', '2022-03-31 11:49:05', '2022-05-31 11:49:05', 17, 13, 'PERFORMANCE', 8, 'DELL', 'ANDROID', 5),
(117, '[\"1646458992181/fake.exe\"]', '[\"1646458992181/Phippy-Goes-To-The-Zoo.pdf\"]', '任务推荐测试第117号数据；时间2022-03-31 11:49:04.585722；测试类型：PERFORMANCE；测试设备操作系统：OTHER', '2022-03-31 11:49:05', '2022-05-31 11:49:05', 7, 3, 'PERFORMANCE', 5, 'ASUS', 'OTHER', 9),
(118, '[\"1646458992181/fake.exe\"]', '[\"1646458992181/Phippy-Goes-To-The-Zoo.pdf\"]', '任务推荐测试第118号数据；时间2022-03-31 11:49:04.585722；测试类型：PERFORMANCE；测试设备操作系统：WINDOWS', '2022-03-31 11:49:05', '2022-08-31 11:49:05', 20, 0, 'PERFORMANCE', 10, 'OTHER', 'WINDOWS', 3),
(119, '[\"1646458992181/fake.exe\"]', '[\"1646458992181/Phippy-Goes-To-The-Zoo.pdf\"]', '任务推荐测试第119号数据；时间2022-03-31 11:49:04.585722；测试类型：PERFORMANCE；测试设备操作系统：ANDROID', '2022-03-31 11:49:05', '2022-06-30 11:49:05', 18, 3, 'PERFORMANCE', 8, 'HP', 'ANDROID', 8),
(120, '[\"1646458992181/fake.exe\"]', '[\"1646458992181/Phippy-Goes-To-The-Zoo.pdf\"]', '任务推荐测试第120号数据；时间2022-03-31 11:49:04.585722；测试类型：PERFORMANCE；测试设备操作系统：MACOS', '2022-03-31 11:49:05', '2022-04-30 11:49:05', 7, 0, 'PERFORMANCE', 5, 'APPLE', 'MACOS', 8),
(121, '[\"1646458992181/fake.exe\"]', '[\"1646458992181/Phippy-Goes-To-The-Zoo.pdf\"]', '任务推荐测试第121号数据；时间2022-03-31 11:49:04.585722；测试类型：PERFORMANCE；测试设备操作系统：LINUX', '2022-03-31 11:49:05', '2022-08-31 11:49:05', 7, 0, 'PERFORMANCE', 10, 'ONEPLUS', 'LINUX', 9),
(122, '[\"1646458992181/fake.exe\"]', '[\"1646458992181/Phippy-Goes-To-The-Zoo.pdf\"]', '任务推荐测试第122号数据；时间2022-03-31 11:49:04.585722；测试类型：FUNCTION；测试设备操作系统：OTHER', '2022-03-31 11:49:05', '2022-07-31 11:49:05', 8, 2, 'FUNCTION', 3, 'OPPO', 'OTHER', 9),
(123, '[\"1646458992181/fake.exe\"]', '[\"1646458992181/Phippy-Goes-To-The-Zoo.pdf\"]', '任务推荐测试第123号数据；时间2022-03-31 11:49:04.585722；测试类型：PERFORMANCE；测试设备操作系统：WINDOWS', '2022-03-31 11:49:05', '2022-08-31 11:49:05', 17, 10, 'PERFORMANCE', 6, 'GIGABYTE', 'WINDOWS', 4),
(124, '[\"1646458992181/fake.exe\"]', '[\"1646458992181/Phippy-Goes-To-The-Zoo.pdf\"]', '任务推荐测试第124号数据；时间2022-03-31 11:49:04.585722；测试类型：FUNCTION；测试设备操作系统：WINDOWS', '2022-03-31 11:49:05', '2022-05-31 11:49:05', 15, 5, 'FUNCTION', 10, 'GIGABYTE', 'WINDOWS', 3),
(125, '[\"1646458992181/fake.exe\"]', '[\"1646458992181/Phippy-Goes-To-The-Zoo.pdf\"]', '任务推荐测试第125号数据；时间2022-03-31 11:49:04.585722；测试类型：PERFORMANCE；测试设备操作系统：LINUX', '2022-03-31 11:49:05', '2022-04-30 11:49:05', 12, 10, 'PERFORMANCE', 5, 'VIVO', 'LINUX', 6),
(126, '[\"1646458992181/fake.exe\"]', '[\"1646458992181/Phippy-Goes-To-The-Zoo.pdf\"]', '任务推荐测试第126号数据；时间2022-03-31 11:49:04.585722；测试类型：FUNCTION；测试设备操作系统：LINUX', '2022-03-31 11:49:05', '2022-07-31 11:49:05', 7, 1, 'FUNCTION', 7, 'SAMSUNG', 'LINUX', 4),
(127, '[\"1646458992181/fake.exe\"]', '[\"1646458992181/Phippy-Goes-To-The-Zoo.pdf\"]', '任务推荐测试第127号数据；时间2022-03-31 11:49:04.585722；测试类型：FUNCTION；测试设备操作系统：IPADOS', '2022-03-31 11:49:05', '2022-06-30 11:49:05', 17, 5, 'FUNCTION', 8, 'APPLE', 'IPADOS', 4),
(128, '[\"1646458992181/fake.exe\"]', '[\"1646458992181/Phippy-Goes-To-The-Zoo.pdf\"]', '任务推荐测试第128号数据；时间2022-03-31 11:49:04.585722；测试类型：PERFORMANCE；测试设备操作系统：LINUX', '2022-03-31 11:49:05', '2022-07-31 11:49:05', 12, 10, 'PERFORMANCE', 3, 'DELL', 'LINUX', 1),
(129, '[\"1646458992181/fake.exe\"]', '[\"1646458992181/Phippy-Goes-To-The-Zoo.pdf\"]', '任务推荐测试第129号数据；时间2022-03-31 11:49:04.585722；测试类型：PERFORMANCE；测试设备操作系统：WINDOWS', '2022-03-31 11:49:05', '2022-08-31 11:49:05', 5, 2, 'PERFORMANCE', 3, 'OPPO', 'WINDOWS', 7),
(130, '[\"1646458992181/fake.exe\"]', '[\"1646458992181/Phippy-Goes-To-The-Zoo.pdf\"]', '任务推荐测试第130号数据；时间2022-03-31 11:49:04.585722；测试类型：FUNCTION；测试设备操作系统：WINDOWS', '2022-03-31 11:49:05', '2022-06-30 11:49:05', 19, 8, 'FUNCTION', 5, 'LG', 'WINDOWS', 1),
(131, '[\"1646458992181/fake.exe\"]', '[\"1646458992181/Phippy-Goes-To-The-Zoo.pdf\"]', '任务推荐测试第131号数据；时间2022-03-31 11:49:04.585722；测试类型：PERFORMANCE；测试设备操作系统：ANDROID', '2022-03-31 11:49:05', '2022-05-31 11:49:05', 7, 2, 'PERFORMANCE', 7, 'LENOVO', 'ANDROID', 5),
(132, '[\"1646458992181/fake.exe\"]', '[\"1646458992181/Phippy-Goes-To-The-Zoo.pdf\"]', '任务推荐测试第132号数据；时间2022-03-31 11:49:04.585722；测试类型：PERFORMANCE；测试设备操作系统：IOS', '2022-03-31 11:49:05', '2022-06-30 11:49:05', 8, 2, 'PERFORMANCE', 10, 'APPLE', 'IOS', 4),
(133, '[\"1646458992181/fake.exe\"]', '[\"1646458992181/Phippy-Goes-To-The-Zoo.pdf\"]', '任务推荐测试第133号数据；时间2022-03-31 11:49:04.585722；测试类型：PERFORMANCE；测试设备操作系统：ANDROID', '2022-03-31 11:49:05', '2022-08-31 11:49:05', 12, 0, 'PERFORMANCE', 6, 'GIGABYTE', 'ANDROID', 9),
(134, '[\"1646458992181/fake.exe\"]', '[\"1646458992181/Phippy-Goes-To-The-Zoo.pdf\"]', '任务推荐测试第134号数据；时间2022-03-31 11:49:04.585722；测试类型：PERFORMANCE；测试设备操作系统：ANDROID', '2022-03-31 11:49:05', '2022-05-31 11:49:05', 6, 1, 'PERFORMANCE', 2, 'VIVO', 'ANDROID', 3),
(135, '[\"1646458992181/fake.exe\"]', '[\"1646458992181/Phippy-Goes-To-The-Zoo.pdf\"]', '任务推荐测试第135号数据；时间2022-03-31 11:49:04.585722；测试类型：FUNCTION；测试设备操作系统：ANDROID', '2022-03-31 11:49:05', '2022-04-30 11:49:05', 16, 5, 'FUNCTION', 4, 'PIXEL', 'ANDROID', 1),
(136, '[\"1646458992181/fake.exe\"]', '[\"1646458992181/Phippy-Goes-To-The-Zoo.pdf\"]', '任务推荐测试第136号数据；时间2022-03-31 11:49:04.585722；测试类型：PERFORMANCE；测试设备操作系统：OTHER', '2022-03-31 11:49:05', '2022-07-31 11:49:05', 17, 8, 'PERFORMANCE', 5, 'LG', 'OTHER', 7),
(137, '[\"1646458992181/fake.exe\"]', '[\"1646458992181/Phippy-Goes-To-The-Zoo.pdf\"]', '任务推荐测试第137号数据；时间2022-03-31 11:49:04.585722；测试类型：PERFORMANCE；测试设备操作系统：WINDOWS', '2022-03-31 11:49:05', '2022-05-31 11:49:05', 14, 4, 'PERFORMANCE', 10, 'XIAOMI', 'WINDOWS', 6),
(138, '[\"1646458992181/fake.exe\"]', '[\"1646458992181/Phippy-Goes-To-The-Zoo.pdf\"]', '任务推荐测试第138号数据；时间2022-03-31 11:49:04.585722；测试类型：PERFORMANCE；测试设备操作系统：WINDOWS', '2022-03-31 11:49:05', '2022-08-31 11:49:05', 18, 7, 'PERFORMANCE', 2, 'SAMSUNG', 'WINDOWS', 5),
(139, '[\"1646458992181/fake.exe\"]', '[\"1646458992181/Phippy-Goes-To-The-Zoo.pdf\"]', '任务推荐测试第139号数据；时间2022-03-31 11:49:04.585722；测试类型：PERFORMANCE；测试设备操作系统：OTHER', '2022-03-31 11:49:05', '2022-05-31 11:49:05', 6, 0, 'PERFORMANCE', 8, 'REALME', 'OTHER', 2),
(140, '[\"1646458992181/fake.exe\"]', '[\"1646458992181/Phippy-Goes-To-The-Zoo.pdf\"]', '任务推荐测试第140号数据；时间2022-03-31 11:49:04.585722；测试类型：PERFORMANCE；测试设备操作系统：ANDROID', '2022-03-31 11:49:05', '2022-07-31 11:49:05', 18, 12, 'PERFORMANCE', 2, 'NOKIA', 'ANDROID', 10),
(141, '[\"1646458992181/fake.exe\"]', '[\"1646458992181/Phippy-Goes-To-The-Zoo.pdf\"]', '任务推荐测试第141号数据；时间2022-03-31 11:49:04.585722；测试类型：PERFORMANCE；测试设备操作系统：OTHER', '2022-03-31 11:49:05', '2022-04-30 11:49:05', 19, 7, 'PERFORMANCE', 2, 'IQOO', 'OTHER', 4),
(142, '[\"1646458992181/fake.exe\"]', '[\"1646458992181/Phippy-Goes-To-The-Zoo.pdf\"]', '任务推荐测试第142号数据；时间2022-03-31 11:49:04.585722；测试类型：FUNCTION；测试设备操作系统：OTHER', '2022-03-31 11:49:05', '2022-07-31 11:49:05', 15, 14, 'FUNCTION', 6, 'XIAOMI', 'OTHER', 6),
(143, '[\"1646458992181/fake.exe\"]', '[\"1646458992181/Phippy-Goes-To-The-Zoo.pdf\"]', '任务推荐测试第143号数据；时间2022-03-31 11:49:04.585722；测试类型：PERFORMANCE；测试设备操作系统：OTHER', '2022-03-31 11:49:05', '2022-08-31 11:49:05', 19, 5, 'PERFORMANCE', 8, 'HUAWEI', 'OTHER', 10),
(144, '[\"1646458992181/fake.exe\"]', '[\"1646458992181/Phippy-Goes-To-The-Zoo.pdf\"]', '任务推荐测试第144号数据；时间2022-03-31 11:49:04.585722；测试类型：PERFORMANCE；测试设备操作系统：WINDOWS', '2022-03-31 11:49:05', '2022-04-30 11:49:05', 17, 11, 'PERFORMANCE', 6, 'GIGABYTE', 'WINDOWS', 9),
(145, '[\"1646458992181/fake.exe\"]', '[\"1646458992181/Phippy-Goes-To-The-Zoo.pdf\"]', '任务推荐测试第145号数据；时间2022-03-31 11:49:04.585722；测试类型：PERFORMANCE；测试设备操作系统：WINDOWS', '2022-03-31 11:49:05', '2022-04-30 11:49:05', 5, 3, 'PERFORMANCE', 8, 'MSI', 'WINDOWS', 4),
(146, '[\"1646458992181/fake.exe\"]', '[\"1646458992181/Phippy-Goes-To-The-Zoo.pdf\"]', '任务推荐测试第146号数据；时间2022-03-31 11:49:04.586722；测试类型：PERFORMANCE；测试设备操作系统：WINDOWS', '2022-03-31 11:49:05', '2022-04-30 11:49:05', 15, 13, 'PERFORMANCE', 4, 'ONEPLUS', 'WINDOWS', 1),
(147, '[\"1646458992181/fake.exe\"]', '[\"1646458992181/Phippy-Goes-To-The-Zoo.pdf\"]', '任务推荐测试第147号数据；时间2022-03-31 11:49:04.586722；测试类型：PERFORMANCE；测试设备操作系统：WINDOWS', '2022-03-31 11:49:05', '2022-04-30 11:49:05', 19, 4, 'PERFORMANCE', 6, 'LG', 'WINDOWS', 4),
(148, '[\"1646458992181/fake.exe\"]', '[\"1646458992181/Phippy-Goes-To-The-Zoo.pdf\"]', '任务推荐测试第148号数据；时间2022-03-31 11:49:04.586722；测试类型：FUNCTION；测试设备操作系统：OTHER', '2022-03-31 11:49:05', '2022-05-31 11:49:05', 19, 2, 'FUNCTION', 5, 'GIGABYTE', 'OTHER', 8),
(149, '[\"1646458992181/fake.exe\"]', '[\"1646458992181/Phippy-Goes-To-The-Zoo.pdf\"]', '任务推荐测试第149号数据；时间2022-03-31 11:49:04.586722；测试类型：FUNCTION；测试设备操作系统：WINDOWS', '2022-03-31 11:49:05', '2022-06-30 11:49:05', 8, 0, 'FUNCTION', 5, 'PIXEL', 'WINDOWS', 7),
(150, '[\"1646458992181/fake.exe\"]', '[\"1646458992181/Phippy-Goes-To-The-Zoo.pdf\"]', '任务推荐测试第150号数据；时间2022-03-31 11:49:04.586722；测试类型：PERFORMANCE；测试设备操作系统：ANDROID', '2022-03-31 11:49:05', '2022-07-31 11:49:05', 11, 9, 'PERFORMANCE', 3, 'DELL', 'ANDROID', 8),
(151, '[\"1646458992181/fake.exe\"]', '[\"1646458992181/Phippy-Goes-To-The-Zoo.pdf\"]', '任务推荐测试第151号数据；时间2022-03-31 11:49:04.586722；测试类型：PERFORMANCE；测试设备操作系统：OTHER', '2022-03-31 11:49:05', '2022-07-31 11:49:05', 17, 9, 'PERFORMANCE', 3, 'NOKIA', 'OTHER', 8),
(152, '[\"1646458992181/fake.exe\"]', '[\"1646458992181/Phippy-Goes-To-The-Zoo.pdf\"]', '任务推荐测试第152号数据；时间2022-03-31 11:49:04.586722；测试类型：FUNCTION；测试设备操作系统：WINDOWS', '2022-03-31 11:49:05', '2022-04-30 11:49:05', 15, 0, 'FUNCTION', 4, 'NOKIA', 'WINDOWS', 5),
(153, '[\"1646458992181/fake.exe\"]', '[\"1646458992181/Phippy-Goes-To-The-Zoo.pdf\"]', '任务推荐测试第153号数据；时间2022-03-31 11:49:04.586722；测试类型：PERFORMANCE；测试设备操作系统：OTHER', '2022-03-31 11:49:05', '2022-08-31 11:49:05', 16, 12, 'PERFORMANCE', 6, 'MSI', 'OTHER', 7),
(154, '[\"1646458992181/fake.exe\"]', '[\"1646458992181/Phippy-Goes-To-The-Zoo.pdf\"]', '任务推荐测试第154号数据；时间2022-03-31 11:49:04.586722；测试类型：PERFORMANCE；测试设备操作系统：OTHER', '2022-03-31 11:49:05', '2022-07-31 11:49:05', 10, 4, 'PERFORMANCE', 9, 'REALME', 'OTHER', 2),
(155, '[\"1646458992181/fake.exe\"]', '[\"1646458992181/Phippy-Goes-To-The-Zoo.pdf\"]', '任务推荐测试第155号数据；时间2022-03-31 11:49:04.586722；测试类型：PERFORMANCE；测试设备操作系统：IOS', '2022-03-31 11:49:05', '2022-07-31 11:49:05', 8, 3, 'PERFORMANCE', 6, 'APPLE', 'IOS', 9),
(156, '[\"1646458992181/fake.exe\"]', '[\"1646458992181/Phippy-Goes-To-The-Zoo.pdf\"]', '任务推荐测试第156号数据；时间2022-03-31 11:49:04.586722；测试类型：PERFORMANCE；测试设备操作系统：WINDOWS', '2022-03-31 11:49:05', '2022-04-30 11:49:05', 12, 11, 'PERFORMANCE', 3, 'IQOO', 'WINDOWS', 7),
(157, '[\"1646458992181/fake.exe\"]', '[\"1646458992181/Phippy-Goes-To-The-Zoo.pdf\"]', '任务推荐测试第157号数据；时间2022-03-31 11:49:04.586722；测试类型：PERFORMANCE；测试设备操作系统：OTHER', '2022-03-31 11:49:05', '2022-05-31 11:49:05', 12, 5, 'PERFORMANCE', 5, 'HUAWEI', 'OTHER', 2),
(158, '[\"1646458992181/fake.exe\"]', '[\"1646458992181/Phippy-Goes-To-The-Zoo.pdf\"]', '任务推荐测试第158号数据；时间2022-03-31 11:49:04.586722；测试类型：PERFORMANCE；测试设备操作系统：LINUX', '2022-03-31 11:49:05', '2022-04-30 11:49:05', 7, 5, 'PERFORMANCE', 10, 'ONEPLUS', 'LINUX', 5),
(159, '[\"1646458992181/fake.exe\"]', '[\"1646458992181/Phippy-Goes-To-The-Zoo.pdf\"]', '任务推荐测试第159号数据；时间2022-03-31 11:49:04.586722；测试类型：FUNCTION；测试设备操作系统：LINUX', '2022-03-31 11:49:05', '2022-06-30 11:49:05', 16, 3, 'FUNCTION', 5, 'DELL', 'LINUX', 7),
(160, '[\"1646458992181/fake.exe\"]', '[\"1646458992181/Phippy-Goes-To-The-Zoo.pdf\"]', '任务推荐测试第160号数据；时间2022-03-31 11:49:04.586722；测试类型：FUNCTION；测试设备操作系统：OTHER', '2022-03-31 11:49:05', '2022-08-31 11:49:05', 19, 18, 'FUNCTION', 6, 'HUAWEI', 'OTHER', 9),
(161, '[\"1646458992181/fake.exe\"]', '[\"1646458992181/Phippy-Goes-To-The-Zoo.pdf\"]', '任务推荐测试第161号数据；时间2022-03-31 11:49:04.586722；测试类型：PERFORMANCE；测试设备操作系统：LINUX', '2022-03-31 11:49:05', '2022-07-31 11:49:05', 14, 3, 'PERFORMANCE', 7, 'PIXEL', 'LINUX', 1),
(162, '[\"1646458992181/fake.exe\"]', '[\"1646458992181/Phippy-Goes-To-The-Zoo.pdf\"]', '任务推荐测试第162号数据；时间2022-03-31 11:49:04.586722；测试类型：PERFORMANCE；测试设备操作系统：MACOS', '2022-03-31 11:49:05', '2022-04-30 11:49:05', 8, 2, 'PERFORMANCE', 2, 'APPLE', 'MACOS', 7),
(163, '[\"1646458992181/fake.exe\"]', '[\"1646458992181/Phippy-Goes-To-The-Zoo.pdf\"]', '任务推荐测试第163号数据；时间2022-03-31 11:49:04.586722；测试类型：PERFORMANCE；测试设备操作系统：ANDROID', '2022-03-31 11:49:05', '2022-06-30 11:49:05', 16, 11, 'PERFORMANCE', 9, 'ASUS', 'ANDROID', 6),
(164, '[\"1646458992181/fake.exe\"]', '[\"1646458992181/Phippy-Goes-To-The-Zoo.pdf\"]', '任务推荐测试第164号数据；时间2022-03-31 11:49:04.586722；测试类型：PERFORMANCE；测试设备操作系统：ANDROID', '2022-03-31 11:49:05', '2022-05-31 11:49:05', 6, 2, 'PERFORMANCE', 3, 'ASUS', 'ANDROID', 3),
(165, '[\"1646458992181/fake.exe\"]', '[\"1646458992181/Phippy-Goes-To-The-Zoo.pdf\"]', '任务推荐测试第165号数据；时间2022-03-31 11:49:04.586722；测试类型：FUNCTION；测试设备操作系统：WINDOWS', '2022-03-31 11:49:05', '2022-06-30 11:49:05', 16, 10, 'FUNCTION', 10, 'HP', 'WINDOWS', 8),
(166, '[\"1646458992181/fake.exe\"]', '[\"1646458992181/Phippy-Goes-To-The-Zoo.pdf\"]', '任务推荐测试第166号数据；时间2022-03-31 11:49:04.586722；测试类型：PERFORMANCE；测试设备操作系统：WINDOWS', '2022-03-31 11:49:05', '2022-05-31 11:49:05', 14, 11, 'PERFORMANCE', 10, 'LG', 'WINDOWS', 7),
(167, '[\"1646458992181/fake.exe\"]', '[\"1646458992181/Phippy-Goes-To-The-Zoo.pdf\"]', '任务推荐测试第167号数据；时间2022-03-31 11:49:04.586722；测试类型：PERFORMANCE；测试设备操作系统：LINUX', '2022-03-31 11:49:05', '2022-04-30 11:49:05', 15, 3, 'PERFORMANCE', 2, 'GIGABYTE', 'LINUX', 9),
(168, '[\"1646458992181/fake.exe\"]', '[\"1646458992181/Phippy-Goes-To-The-Zoo.pdf\"]', '任务推荐测试第168号数据；时间2022-03-31 11:49:04.586722；测试类型：PERFORMANCE；测试设备操作系统：WINDOWS', '2022-03-31 11:49:05', '2022-06-30 11:49:05', 5, 3, 'PERFORMANCE', 7, 'OTHER', 'WINDOWS', 4),
(169, '[\"1646458992181/fake.exe\"]', '[\"1646458992181/Phippy-Goes-To-The-Zoo.pdf\"]', '任务推荐测试第169号数据；时间2022-03-31 11:49:04.586722；测试类型：FUNCTION；测试设备操作系统：WINDOWS', '2022-03-31 11:49:05', '2022-08-31 11:49:05', 11, 9, 'FUNCTION', 3, 'VIVO', 'WINDOWS', 7),
(170, '[\"1646458992181/fake.exe\"]', '[\"1646458992181/Phippy-Goes-To-The-Zoo.pdf\"]', '任务推荐测试第170号数据；时间2022-03-31 11:49:04.586722；测试类型：PERFORMANCE；测试设备操作系统：ANDROID', '2022-03-31 11:49:05', '2022-05-31 11:49:05', 6, 4, 'PERFORMANCE', 3, 'OTHER', 'ANDROID', 6),
(171, '[\"1646458992181/fake.exe\"]', '[\"1646458992181/Phippy-Goes-To-The-Zoo.pdf\"]', '任务推荐测试第171号数据；时间2022-03-31 11:49:04.586722；测试类型：PERFORMANCE；测试设备操作系统：WINDOWS', '2022-03-31 11:49:05', '2022-05-31 11:49:05', 10, 1, 'PERFORMANCE', 4, 'PIXEL', 'WINDOWS', 8),
(172, '[\"1646458992181/fake.exe\"]', '[\"1646458992181/Phippy-Goes-To-The-Zoo.pdf\"]', '任务推荐测试第172号数据；时间2022-03-31 11:49:04.586722；测试类型：FUNCTION；测试设备操作系统：ANDROID', '2022-03-31 11:49:05', '2022-06-30 11:49:05', 5, 2, 'FUNCTION', 9, 'MSI', 'ANDROID', 3),
(173, '[\"1646458992181/fake.exe\"]', '[\"1646458992181/Phippy-Goes-To-The-Zoo.pdf\"]', '任务推荐测试第173号数据；时间2022-03-31 11:49:04.586722；测试类型：FUNCTION；测试设备操作系统：OTHER', '2022-03-31 11:49:05', '2022-06-30 11:49:05', 17, 9, 'FUNCTION', 4, 'LG', 'OTHER', 7),
(174, '[\"1646458992181/fake.exe\"]', '[\"1646458992181/Phippy-Goes-To-The-Zoo.pdf\"]', '任务推荐测试第174号数据；时间2022-03-31 11:49:04.586722；测试类型：FUNCTION；测试设备操作系统：WINDOWS', '2022-03-31 11:49:05', '2022-07-31 11:49:05', 14, 0, 'FUNCTION', 4, 'ASUS', 'WINDOWS', 3),
(175, '[\"1646458992181/fake.exe\"]', '[\"1646458992181/Phippy-Goes-To-The-Zoo.pdf\"]', '任务推荐测试第175号数据；时间2022-03-31 11:49:04.586722；测试类型：PERFORMANCE；测试设备操作系统：LINUX', '2022-03-31 11:49:05', '2022-07-31 11:49:05', 15, 1, 'PERFORMANCE', 7, 'IQOO', 'LINUX', 9),
(176, '[\"1646458992181/fake.exe\"]', '[\"1646458992181/Phippy-Goes-To-The-Zoo.pdf\"]', '任务推荐测试第176号数据；时间2022-03-31 11:49:04.586722；测试类型：FUNCTION；测试设备操作系统：LINUX', '2022-03-31 11:49:05', '2022-07-31 11:49:05', 10, 1, 'FUNCTION', 10, 'VIVO', 'LINUX', 5),
(177, '[\"1646458992181/fake.exe\"]', '[\"1646458992181/Phippy-Goes-To-The-Zoo.pdf\"]', '任务推荐测试第177号数据；时间2022-03-31 11:49:04.586722；测试类型：PERFORMANCE；测试设备操作系统：OTHER', '2022-03-31 11:49:05', '2022-05-31 11:49:05', 17, 11, 'PERFORMANCE', 10, 'VIVO', 'OTHER', 8),
(178, '[\"1646458992181/fake.exe\"]', '[\"1646458992181/Phippy-Goes-To-The-Zoo.pdf\"]', '任务推荐测试第178号数据；时间2022-03-31 11:49:04.586722；测试类型：PERFORMANCE；测试设备操作系统：WINDOWS', '2022-03-31 11:49:05', '2022-05-31 11:49:05', 18, 10, 'PERFORMANCE', 10, 'MSI', 'WINDOWS', 2),
(179, '[\"1646458992181/fake.exe\"]', '[\"1646458992181/Phippy-Goes-To-The-Zoo.pdf\"]', '任务推荐测试第179号数据；时间2022-03-31 11:49:04.586722；测试类型：FUNCTION；测试设备操作系统：LINUX', '2022-03-31 11:49:05', '2022-05-31 11:49:05', 11, 2, 'FUNCTION', 2, 'HUAWEI', 'LINUX', 4),
(180, '[\"1646458992181/fake.exe\"]', '[\"1646458992181/Phippy-Goes-To-The-Zoo.pdf\"]', '任务推荐测试第180号数据；时间2022-03-31 11:49:04.587725；测试类型：PERFORMANCE；测试设备操作系统：IPADOS', '2022-03-31 11:49:05', '2022-06-30 11:49:05', 19, 4, 'PERFORMANCE', 9, 'APPLE', 'IPADOS', 10),
(181, '[\"1646458992181/fake.exe\"]', '[\"1646458992181/Phippy-Goes-To-The-Zoo.pdf\"]', '任务推荐测试第181号数据；时间2022-03-31 11:49:04.587725；测试类型：PERFORMANCE；测试设备操作系统：WINDOWS', '2022-03-31 11:49:05', '2022-05-31 11:49:05', 5, 2, 'PERFORMANCE', 2, 'REALME', 'WINDOWS', 3),
(182, '[\"1646458992181/fake.exe\"]', '[\"1646458992181/Phippy-Goes-To-The-Zoo.pdf\"]', '任务推荐测试第182号数据；时间2022-03-31 11:49:04.587725；测试类型：PERFORMANCE；测试设备操作系统：WINDOWS', '2022-03-31 11:49:05', '2022-04-30 11:49:05', 9, 3, 'PERFORMANCE', 7, 'GIGABYTE', 'WINDOWS', 8),
(183, '[\"1646458992181/fake.exe\"]', '[\"1646458992181/Phippy-Goes-To-The-Zoo.pdf\"]', '任务推荐测试第183号数据；时间2022-03-31 11:49:04.587725；测试类型：PERFORMANCE；测试设备操作系统：OTHER', '2022-03-31 11:49:05', '2022-08-31 11:49:05', 15, 7, 'PERFORMANCE', 5, 'DELL', 'OTHER', 5),
(184, '[\"1646458992181/fake.exe\"]', '[\"1646458992181/Phippy-Goes-To-The-Zoo.pdf\"]', '任务推荐测试第184号数据；时间2022-03-31 11:49:04.587725；测试类型：PERFORMANCE；测试设备操作系统：ANDROID', '2022-03-31 11:49:05', '2022-07-31 11:49:05', 6, 1, 'PERFORMANCE', 8, 'GIGABYTE', 'ANDROID', 8),
(185, '[\"1646458992181/fake.exe\"]', '[\"1646458992181/Phippy-Goes-To-The-Zoo.pdf\"]', '任务推荐测试第185号数据；时间2022-03-31 11:49:04.587725；测试类型：FUNCTION；测试设备操作系统：WINDOWS', '2022-03-31 11:49:05', '2022-04-30 11:49:05', 5, 2, 'FUNCTION', 4, 'REALME', 'WINDOWS', 9),
(186, '[\"1646458992181/fake.exe\"]', '[\"1646458992181/Phippy-Goes-To-The-Zoo.pdf\"]', '任务推荐测试第186号数据；时间2022-03-31 11:49:04.587725；测试类型：PERFORMANCE；测试设备操作系统：LINUX', '2022-03-31 11:49:05', '2022-08-31 11:49:05', 10, 1, 'PERFORMANCE', 2, 'REALME', 'LINUX', 4),
(187, '[\"1646458992181/fake.exe\"]', '[\"1646458992181/Phippy-Goes-To-The-Zoo.pdf\"]', '任务推荐测试第187号数据；时间2022-03-31 11:49:04.587725；测试类型：PERFORMANCE；测试设备操作系统：LINUX', '2022-03-31 11:49:05', '2022-07-31 11:49:05', 15, 12, 'PERFORMANCE', 3, 'REALME', 'LINUX', 7),
(188, '[\"1646458992181/fake.exe\"]', '[\"1646458992181/Phippy-Goes-To-The-Zoo.pdf\"]', '任务推荐测试第188号数据；时间2022-03-31 11:49:04.587725；测试类型：PERFORMANCE；测试设备操作系统：ANDROID', '2022-03-31 11:49:05', '2022-08-31 11:49:05', 10, 7, 'PERFORMANCE', 3, 'ONEPLUS', 'ANDROID', 3),
(189, '[\"1646458992181/fake.exe\"]', '[\"1646458992181/Phippy-Goes-To-The-Zoo.pdf\"]', '任务推荐测试第189号数据；时间2022-03-31 11:49:04.587725；测试类型：FUNCTION；测试设备操作系统：LINUX', '2022-03-31 11:49:05', '2022-06-30 11:49:05', 15, 10, 'FUNCTION', 9, 'HUAWEI', 'LINUX', 10),
(190, '[\"1646458992181/fake.exe\"]', '[\"1646458992181/Phippy-Goes-To-The-Zoo.pdf\"]', '任务推荐测试第190号数据；时间2022-03-31 11:49:04.587725；测试类型：PERFORMANCE；测试设备操作系统：WINDOWS', '2022-03-31 11:49:05', '2022-07-31 11:49:05', 11, 3, 'PERFORMANCE', 9, 'OPPO', 'WINDOWS', 8),
(191, '[\"1646458992181/fake.exe\"]', '[\"1646458992181/Phippy-Goes-To-The-Zoo.pdf\"]', '任务推荐测试第191号数据；时间2022-03-31 11:49:04.587725；测试类型：FUNCTION；测试设备操作系统：ANDROID', '2022-03-31 11:49:05', '2022-04-30 11:49:05', 20, 10, 'FUNCTION', 9, 'SAMSUNG', 'ANDROID', 10),
(192, '[\"1646458992181/fake.exe\"]', '[\"1646458992181/Phippy-Goes-To-The-Zoo.pdf\"]', '任务推荐测试第192号数据；时间2022-03-31 11:49:04.587725；测试类型：PERFORMANCE；测试设备操作系统：ANDROID', '2022-03-31 11:49:05', '2022-08-31 11:49:05', 9, 8, 'PERFORMANCE', 10, 'VIVO', 'ANDROID', 7),
(193, '[\"1646458992181/fake.exe\"]', '[\"1646458992181/Phippy-Goes-To-The-Zoo.pdf\"]', '任务推荐测试第193号数据；时间2022-03-31 11:49:04.587725；测试类型：PERFORMANCE；测试设备操作系统：ANDROID', '2022-03-31 11:49:05', '2022-05-31 11:49:05', 5, 0, 'PERFORMANCE', 3, 'NOKIA', 'ANDROID', 5),
(194, '[\"1646458992181/fake.exe\"]', '[\"1646458992181/Phippy-Goes-To-The-Zoo.pdf\"]', '任务推荐测试第194号数据；时间2022-03-31 11:49:04.587725；测试类型：FUNCTION；测试设备操作系统：WINDOWS', '2022-03-31 11:49:05', '2022-05-31 11:49:05', 8, 0, 'FUNCTION', 8, 'HP', 'WINDOWS', 1);
INSERT INTO `task` (`id`, `exe_file_path`, `discrib_file_path`, `task_discribe`, `start_time`, `finish_time`, `total_num`, `current_num`, `type`, `user_id`, `device_brand`, `operating_system`, `difficulty`) VALUES
(195, '[\"1646458992181/fake.exe\"]', '[\"1646458992181/Phippy-Goes-To-The-Zoo.pdf\"]', '任务推荐测试第195号数据；时间2022-03-31 11:49:04.587725；测试类型：PERFORMANCE；测试设备操作系统：LINUX', '2022-03-31 11:49:05', '2022-07-31 11:49:05', 17, 16, 'PERFORMANCE', 2, 'LG', 'LINUX', 3),
(196, '[\"1646458992181/fake.exe\"]', '[\"1646458992181/Phippy-Goes-To-The-Zoo.pdf\"]', '任务推荐测试第196号数据；时间2022-03-31 11:49:04.587725；测试类型：FUNCTION；测试设备操作系统：WINDOWS', '2022-03-31 11:49:05', '2022-06-30 11:49:05', 17, 16, 'FUNCTION', 4, 'NOKIA', 'WINDOWS', 2),
(197, '[\"1646458992181/fake.exe\"]', '[\"1646458992181/Phippy-Goes-To-The-Zoo.pdf\"]', '任务推荐测试第197号数据；时间2022-03-31 11:49:04.587725；测试类型：PERFORMANCE；测试设备操作系统：OTHER', '2022-03-31 11:49:05', '2022-04-30 11:49:05', 18, 8, 'PERFORMANCE', 10, 'ASUS', 'OTHER', 2),
(198, '[\"1646458992181/fake.exe\"]', '[\"1646458992181/Phippy-Goes-To-The-Zoo.pdf\"]', '任务推荐测试第198号数据；时间2022-03-31 11:49:04.587725；测试类型：FUNCTION；测试设备操作系统：WINDOWS', '2022-03-31 11:49:05', '2022-05-31 11:49:05', 18, 17, 'FUNCTION', 6, 'PIXEL', 'WINDOWS', 5),
(199, '[\"1646458992181/fake.exe\"]', '[\"1646458992181/Phippy-Goes-To-The-Zoo.pdf\"]', '任务推荐测试第199号数据；时间2022-03-31 11:49:04.587725；测试类型：FUNCTION；测试设备操作系统：ANDROID', '2022-03-31 11:49:05', '2022-05-31 11:49:05', 10, 5, 'FUNCTION', 8, 'LENOVO', 'ANDROID', 6),
(200, '[\"1646458992181/fake.exe\"]', '[\"1646458992181/Phippy-Goes-To-The-Zoo.pdf\"]', '任务推荐测试第200号数据；时间2022-03-31 11:49:04.587725；测试类型：FUNCTION；测试设备操作系统：LINUX', '2022-03-31 11:49:05', '2022-06-30 11:49:05', 5, 4, 'FUNCTION', 2, 'PIXEL', 'LINUX', 9);

-- --------------------------------------------------------

--
-- 表的结构 `task_ratings`
--

DROP TABLE IF EXISTS `task_ratings`;
CREATE TABLE IF NOT EXISTS `task_ratings` (
  `user_id` bigint NOT NULL,
  `task_id` bigint NOT NULL,
  `score` int NOT NULL,
  PRIMARY KEY (`user_id`,`task_id`),
  KEY `task_rating_task` (`task_id`)
) ENGINE=InnoDB DEFAULT CHARSET=utf8mb4 COLLATE=utf8mb4_0900_ai_ci;

--
-- 转存表中的数据 `task_ratings`
--

INSERT INTO `task_ratings` (`user_id`, `task_id`, `score`) VALUES
(1, 1, 5),
(11, 7, 5),
(11, 9, 10),
(11, 20, 8),
(11, 28, 2),
(11, 61, 7),
(11, 64, 6),
(11, 68, 7),
(11, 70, 9),
(11, 73, 5),
(11, 81, 3),
(11, 82, 1),
(11, 93, 2),
(11, 113, 2),
(11, 114, 8),
(11, 118, 8),
(11, 132, 3),
(11, 157, 3),
(11, 163, 3),
(11, 166, 8),
(11, 188, 9),
(12, 8, 4),
(12, 15, 5),
(12, 26, 5),
(12, 29, 3),
(12, 32, 7),
(12, 37, 6),
(12, 43, 7),
(12, 50, 10),
(12, 53, 9),
(12, 58, 9),
(12, 61, 9),
(12, 62, 4),
(12, 64, 2),
(12, 79, 4),
(12, 83, 9),
(12, 102, 4),
(12, 104, 1),
(12, 108, 3),
(12, 125, 8),
(12, 130, 2),
(12, 137, 4),
(12, 138, 9),
(12, 144, 7),
(12, 147, 10),
(12, 159, 2),
(12, 162, 7),
(12, 166, 7),
(12, 176, 9),
(12, 182, 5),
(12, 188, 1),
(12, 195, 3),
(12, 200, 9),
(13, 1, 8),
(13, 24, 3),
(13, 62, 2),
(13, 66, 8),
(13, 98, 9),
(13, 99, 8),
(13, 117, 8),
(13, 120, 3),
(13, 123, 8),
(13, 139, 6),
(13, 160, 7),
(13, 166, 3),
(13, 171, 10),
(13, 177, 10),
(13, 184, 3),
(13, 186, 5),
(13, 195, 8),
(14, 3, 5),
(14, 13, 2),
(14, 24, 3),
(14, 30, 6),
(14, 43, 3),
(14, 57, 3),
(14, 58, 2),
(14, 63, 3),
(14, 74, 9),
(14, 80, 9),
(14, 103, 10),
(14, 115, 10),
(14, 125, 2),
(14, 140, 5),
(14, 146, 9),
(14, 149, 1),
(14, 152, 4),
(14, 153, 9),
(14, 155, 1),
(14, 158, 4),
(14, 167, 9),
(14, 168, 7),
(14, 176, 9),
(14, 188, 10),
(14, 194, 6),
(15, 10, 4),
(15, 18, 9),
(15, 33, 10),
(15, 37, 8),
(15, 40, 9),
(15, 49, 10),
(15, 89, 4),
(15, 97, 3),
(15, 117, 4),
(15, 126, 7),
(15, 133, 3),
(15, 136, 8),
(15, 138, 3),
(15, 141, 4),
(15, 191, 10),
(15, 192, 2),
(16, 14, 6),
(16, 33, 3),
(16, 41, 5),
(16, 110, 10),
(16, 120, 7),
(16, 139, 8),
(16, 153, 2),
(16, 159, 9),
(16, 161, 6),
(16, 162, 8),
(16, 183, 1),
(16, 186, 4),
(16, 189, 8),
(16, 199, 7),
(17, 4, 4),
(17, 6, 8),
(17, 19, 4),
(17, 20, 9),
(17, 28, 3),
(17, 40, 5),
(17, 61, 2),
(17, 69, 10),
(17, 77, 7),
(17, 91, 3),
(17, 103, 1),
(17, 117, 9),
(17, 133, 2),
(17, 136, 6),
(17, 139, 1),
(17, 144, 1),
(17, 175, 4),
(17, 176, 3),
(18, 6, 2),
(18, 12, 1),
(18, 16, 4),
(18, 41, 4),
(18, 52, 9),
(18, 61, 9),
(18, 67, 8),
(18, 78, 3),
(18, 79, 3),
(18, 83, 5),
(18, 88, 6),
(18, 90, 2),
(18, 91, 8),
(18, 95, 10),
(18, 96, 4),
(18, 97, 2),
(18, 112, 7),
(18, 148, 5),
(18, 150, 6),
(18, 152, 2),
(18, 168, 10),
(18, 178, 1),
(18, 185, 4),
(18, 186, 3),
(18, 189, 9),
(18, 194, 10),
(19, 3, 3),
(19, 13, 7),
(19, 23, 9),
(19, 49, 3),
(19, 53, 10),
(19, 57, 10),
(19, 58, 4),
(19, 64, 9),
(19, 68, 4),
(19, 75, 1),
(19, 89, 8),
(19, 96, 5),
(19, 109, 8),
(19, 114, 9),
(19, 116, 7),
(19, 126, 2),
(19, 133, 7),
(19, 141, 2),
(19, 174, 9),
(19, 190, 1);

-- --------------------------------------------------------

--
-- 表的结构 `test_record`
--

DROP TABLE IF EXISTS `test_record`;
CREATE TABLE IF NOT EXISTS `test_record` (
  `id` bigint NOT NULL AUTO_INCREMENT,
  `task_id` bigint NOT NULL,
  `user_id` bigint NOT NULL,
  `finished` tinyint(1) NOT NULL,
  `commit_time` datetime NOT NULL,
  `finish_time` datetime NOT NULL,
  PRIMARY KEY (`id`),
  KEY `TASK_ID` (`task_id`),
  KEY `USER_ID` (`user_id`)
) ENGINE=InnoDB AUTO_INCREMENT=208 DEFAULT CHARSET=utf8mb4 COLLATE=utf8mb4_0900_ai_ci;

--
-- 转存表中的数据 `test_record`
--

INSERT INTO `test_record` (`id`, `task_id`, `user_id`, `finished`, `commit_time`, `finish_time`) VALUES
(1, 97, 15, 1, '2022-03-31 19:19:59', '2022-03-31 14:53:35'),
(2, 91, 18, 0, '2022-03-31 19:19:59', '1970-01-01 00:00:00'),
(3, 62, 13, 0, '2022-03-31 19:19:59', '1970-01-01 00:00:00'),
(4, 185, 18, 0, '2022-03-31 19:19:59', '1970-01-01 00:00:00'),
(5, 57, 14, 0, '2022-03-31 19:19:59', '1970-01-01 00:00:00'),
(6, 176, 12, 0, '2022-03-31 19:19:59', '1970-01-01 00:00:00'),
(7, 162, 12, 0, '2022-03-31 19:19:59', '1970-01-01 00:00:00'),
(8, 1, 13, 0, '2022-03-31 19:19:59', '1970-01-01 00:00:00'),
(9, 1, 1, 1, '2022-03-31 19:19:59', '2022-03-31 12:22:19'),
(10, 167, 14, 0, '2022-03-31 19:19:59', '1970-01-01 00:00:00'),
(11, 61, 11, 0, '2022-03-31 19:19:59', '1970-01-01 00:00:00'),
(12, 61, 18, 0, '2022-03-31 19:19:59', '1970-01-01 00:00:00'),
(13, 166, 11, 0, '2022-03-31 19:19:59', '1970-01-01 00:00:00'),
(14, 136, 17, 0, '2022-03-31 19:19:59', '1970-01-01 00:00:00'),
(15, 33, 15, 0, '2022-03-31 19:19:59', '1970-01-01 00:00:00'),
(16, 168, 14, 0, '2022-03-31 19:19:59', '1970-01-01 00:00:00'),
(17, 102, 12, 0, '2022-03-31 19:19:59', '1970-01-01 00:00:00'),
(18, 133, 19, 0, '2022-03-31 19:19:59', '1970-01-01 00:00:00'),
(19, 141, 19, 0, '2022-03-31 19:19:59', '1970-01-01 00:00:00'),
(20, 190, 19, 0, '2022-03-31 19:19:59', '1970-01-01 00:00:00'),
(21, 83, 12, 0, '2022-03-31 19:19:59', '1970-01-01 00:00:00'),
(22, 41, 16, 0, '2022-03-31 19:19:59', '1970-01-01 00:00:00'),
(23, 152, 14, 0, '2022-03-31 19:19:59', '1970-01-01 00:00:00'),
(24, 95, 18, 0, '2022-03-31 19:19:59', '1970-01-01 00:00:00'),
(25, 82, 11, 0, '2022-03-31 19:19:59', '1970-01-01 00:00:00'),
(26, 110, 16, 0, '2022-03-31 19:19:59', '1970-01-01 00:00:00'),
(27, 49, 15, 0, '2022-03-31 19:19:59', '1970-01-01 00:00:00'),
(28, 28, 17, 0, '2022-03-31 19:19:59', '1970-01-01 00:00:00'),
(29, 103, 14, 0, '2022-03-31 19:19:59', '1970-01-01 00:00:00'),
(30, 138, 12, 0, '2022-03-31 19:19:59', '1970-01-01 00:00:00'),
(31, 116, 19, 0, '2022-03-31 19:19:59', '1970-01-01 00:00:00'),
(32, 67, 18, 0, '2022-03-31 19:19:59', '1970-01-01 00:00:00'),
(33, 30, 14, 0, '2022-03-31 19:19:59', '1970-01-01 00:00:00'),
(34, 153, 16, 0, '2022-03-31 19:19:59', '1970-01-01 00:00:00'),
(35, 194, 14, 0, '2022-03-31 19:19:59', '1970-01-01 00:00:00'),
(36, 61, 17, 0, '2022-03-31 19:19:59', '1970-01-01 00:00:00'),
(37, 89, 15, 0, '2022-03-31 19:19:59', '1970-01-01 00:00:00'),
(38, 191, 15, 0, '2022-03-31 19:19:59', '1970-01-01 00:00:00'),
(39, 58, 12, 0, '2022-03-31 19:19:59', '1970-01-01 00:00:00'),
(40, 163, 11, 0, '2022-03-31 19:19:59', '1970-01-01 00:00:00'),
(41, 77, 17, 0, '2022-03-31 19:19:59', '1970-01-01 00:00:00'),
(42, 69, 17, 0, '2022-03-31 19:19:59', '1970-01-01 00:00:00'),
(43, 28, 11, 0, '2022-03-31 19:19:59', '1970-01-01 00:00:00'),
(44, 138, 15, 0, '2022-03-31 19:19:59', '1970-01-01 00:00:00'),
(45, 8, 12, 0, '2022-03-31 19:19:59', '1970-01-01 00:00:00'),
(46, 3, 14, 0, '2022-03-31 19:19:59', '1970-01-01 00:00:00'),
(47, 75, 19, 0, '2022-03-31 19:19:59', '1970-01-01 00:00:00'),
(48, 153, 14, 0, '2022-03-31 19:19:59', '1970-01-01 00:00:00'),
(49, 9, 11, 0, '2022-03-31 19:19:59', '1970-01-01 00:00:00'),
(50, 188, 11, 0, '2022-03-31 19:19:59', '1970-01-01 00:00:00'),
(51, 26, 12, 0, '2022-03-31 19:19:59', '1970-01-01 00:00:00'),
(52, 117, 15, 0, '2022-03-31 19:19:59', '1970-01-01 00:00:00'),
(53, 113, 11, 0, '2022-03-31 19:19:59', '1970-01-01 00:00:00'),
(54, 199, 16, 0, '2022-03-31 19:19:59', '1970-01-01 00:00:00'),
(55, 50, 12, 0, '2022-03-31 19:19:59', '1970-01-01 00:00:00'),
(56, 147, 12, 0, '2022-03-31 19:19:59', '1970-01-01 00:00:00'),
(57, 108, 12, 0, '2022-03-31 19:19:59', '1970-01-01 00:00:00'),
(58, 80, 14, 0, '2022-03-31 19:19:59', '1970-01-01 00:00:00'),
(59, 188, 11, 0, '2022-03-31 19:19:59', '1970-01-01 00:00:00'),
(60, 32, 12, 0, '2022-03-31 19:19:59', '1970-01-01 00:00:00'),
(61, 117, 13, 0, '2022-03-31 19:19:59', '1970-01-01 00:00:00'),
(62, 140, 14, 0, '2022-03-31 19:19:59', '1970-01-01 00:00:00'),
(63, 166, 12, 0, '2022-03-31 19:19:59', '1970-01-01 00:00:00'),
(64, 168, 18, 0, '2022-03-31 19:19:59', '1970-01-01 00:00:00'),
(65, 20, 11, 0, '2022-03-31 19:19:59', '1970-01-01 00:00:00'),
(66, 103, 17, 0, '2022-03-31 19:19:59', '1970-01-01 00:00:00'),
(67, 155, 14, 0, '2022-03-31 19:19:59', '1970-01-01 00:00:00'),
(68, 79, 18, 0, '2022-03-31 19:19:59', '1970-01-01 00:00:00'),
(69, 62, 12, 0, '2022-03-31 19:19:59', '1970-01-01 00:00:00'),
(70, 89, 19, 0, '2022-03-31 19:19:59', '1970-01-01 00:00:00'),
(71, 125, 12, 0, '2022-03-31 19:19:59', '1970-01-01 00:00:00'),
(72, 186, 18, 0, '2022-03-31 19:19:59', '1970-01-01 00:00:00'),
(73, 160, 13, 0, '2022-03-31 19:19:59', '1970-01-01 00:00:00'),
(74, 186, 18, 0, '2022-03-31 19:19:59', '1970-01-01 00:00:00'),
(75, 157, 11, 0, '2022-03-31 19:19:59', '1970-01-01 00:00:00'),
(76, 137, 12, 0, '2022-03-31 19:19:59', '1970-01-01 00:00:00'),
(77, 182, 12, 0, '2022-03-31 19:19:59', '1970-01-01 00:00:00'),
(78, 139, 17, 0, '2022-03-31 19:19:59', '1970-01-01 00:00:00'),
(79, 24, 13, 0, '2022-03-31 19:19:59', '1970-01-01 00:00:00'),
(80, 103, 17, 0, '2022-03-31 19:19:59', '1970-01-01 00:00:00'),
(81, 40, 15, 0, '2022-03-31 19:19:59', '1970-01-01 00:00:00'),
(82, 43, 12, 0, '2022-03-31 19:19:59', '1970-01-01 00:00:00'),
(83, 24, 14, 0, '2022-03-31 19:19:59', '1970-01-01 00:00:00'),
(84, 155, 14, 0, '2022-03-31 19:19:59', '1970-01-01 00:00:00'),
(85, 53, 19, 0, '2022-03-31 19:19:59', '1970-01-01 00:00:00'),
(86, 188, 14, 0, '2022-03-31 19:19:59', '1970-01-01 00:00:00'),
(87, 144, 12, 0, '2022-03-31 19:19:59', '1970-01-01 00:00:00'),
(88, 74, 14, 0, '2022-03-31 19:19:59', '1970-01-01 00:00:00'),
(89, 136, 15, 0, '2022-03-31 19:19:59', '1970-01-01 00:00:00'),
(90, 186, 16, 0, '2022-03-31 19:19:59', '1970-01-01 00:00:00'),
(91, 114, 11, 0, '2022-03-31 19:19:59', '1970-01-01 00:00:00'),
(92, 68, 19, 0, '2022-03-31 19:19:59', '1970-01-01 00:00:00'),
(93, 188, 12, 0, '2022-03-31 19:19:59', '1970-01-01 00:00:00'),
(94, 74, 14, 0, '2022-03-31 19:19:59', '1970-01-01 00:00:00'),
(95, 61, 12, 0, '2022-03-31 19:19:59', '1970-01-01 00:00:00'),
(96, 4, 17, 0, '2022-03-31 19:19:59', '1970-01-01 00:00:00'),
(97, 29, 12, 0, '2022-03-31 19:19:59', '1970-01-01 00:00:00'),
(98, 14, 16, 0, '2022-03-31 19:19:59', '1970-01-01 00:00:00'),
(99, 20, 17, 0, '2022-03-31 19:19:59', '1970-01-01 00:00:00'),
(100, 16, 18, 0, '2022-03-31 19:19:59', '1970-01-01 00:00:00'),
(101, 152, 18, 0, '2022-03-31 19:19:59', '1970-01-01 00:00:00'),
(102, 120, 16, 0, '2022-03-31 19:19:59', '1970-01-01 00:00:00'),
(103, 70, 11, 0, '2022-03-31 19:19:59', '1970-01-01 00:00:00'),
(104, 52, 18, 0, '2022-03-31 19:19:59', '1970-01-01 00:00:00'),
(105, 115, 14, 0, '2022-03-31 19:19:59', '1970-01-01 00:00:00'),
(106, 159, 12, 0, '2022-03-31 19:19:59', '1970-01-01 00:00:00'),
(107, 162, 16, 0, '2022-03-31 19:19:59', '1970-01-01 00:00:00'),
(108, 43, 14, 0, '2022-03-31 19:19:59', '1970-01-01 00:00:00'),
(109, 53, 12, 0, '2022-03-31 19:19:59', '1970-01-01 00:00:00'),
(110, 104, 12, 0, '2022-03-31 19:19:59', '1970-01-01 00:00:00'),
(111, 6, 18, 0, '2022-03-31 19:19:59', '1970-01-01 00:00:00'),
(112, 176, 17, 0, '2022-03-31 19:19:59', '1970-01-01 00:00:00'),
(113, 150, 18, 0, '2022-03-31 19:19:59', '1970-01-01 00:00:00'),
(114, 141, 15, 0, '2022-03-31 19:19:59', '1970-01-01 00:00:00'),
(115, 176, 14, 0, '2022-03-31 19:19:59', '1970-01-01 00:00:00'),
(116, 18, 15, 0, '2022-03-31 19:19:59', '1970-01-01 00:00:00'),
(117, 41, 18, 0, '2022-03-31 19:19:59', '1970-01-01 00:00:00'),
(118, 79, 12, 0, '2022-03-31 19:19:59', '1970-01-01 00:00:00'),
(119, 148, 18, 0, '2022-03-31 19:19:59', '1970-01-01 00:00:00'),
(120, 126, 15, 0, '2022-03-31 19:19:59', '1970-01-01 00:00:00'),
(121, 88, 18, 0, '2022-03-31 19:19:59', '1970-01-01 00:00:00'),
(122, 177, 13, 0, '2022-03-31 19:19:59', '1970-01-01 00:00:00'),
(123, 81, 11, 0, '2022-03-31 19:19:59', '1970-01-01 00:00:00'),
(124, 66, 13, 0, '2022-03-31 19:19:59', '1970-01-01 00:00:00'),
(125, 175, 17, 0, '2022-03-31 19:19:59', '1970-01-01 00:00:00'),
(126, 93, 11, 0, '2022-03-31 19:19:59', '1970-01-01 00:00:00'),
(127, 195, 12, 0, '2022-03-31 19:19:59', '1970-01-01 00:00:00'),
(128, 117, 17, 0, '2022-03-31 19:19:59', '1970-01-01 00:00:00'),
(129, 139, 16, 0, '2022-03-31 19:19:59', '1970-01-01 00:00:00'),
(130, 166, 11, 0, '2022-03-31 19:19:59', '1970-01-01 00:00:00'),
(131, 96, 19, 0, '2022-03-31 19:19:59', '1970-01-01 00:00:00'),
(132, 130, 12, 0, '2022-03-31 19:19:59', '1970-01-01 00:00:00'),
(133, 64, 11, 0, '2022-03-31 19:19:59', '1970-01-01 00:00:00'),
(134, 63, 14, 0, '2022-03-31 19:19:59', '1970-01-01 00:00:00'),
(135, 23, 19, 0, '2022-03-31 19:19:59', '1970-01-01 00:00:00'),
(136, 178, 18, 0, '2022-03-31 19:19:59', '1970-01-01 00:00:00'),
(137, 89, 19, 0, '2022-03-31 19:19:59', '1970-01-01 00:00:00'),
(138, 200, 12, 0, '2022-03-31 19:19:59', '1970-01-01 00:00:00'),
(139, 125, 14, 0, '2022-03-31 19:19:59', '1970-01-01 00:00:00'),
(140, 91, 17, 0, '2022-03-31 19:19:59', '1970-01-01 00:00:00'),
(141, 91, 18, 0, '2022-03-31 19:19:59', '1970-01-01 00:00:00'),
(142, 139, 13, 0, '2022-03-31 19:19:59', '1970-01-01 00:00:00'),
(143, 3, 19, 0, '2022-03-31 19:19:59', '1970-01-01 00:00:00'),
(144, 13, 14, 0, '2022-03-31 19:19:59', '1970-01-01 00:00:00'),
(145, 6, 18, 0, '2022-03-31 19:19:59', '1970-01-01 00:00:00'),
(146, 68, 11, 0, '2022-03-31 19:19:59', '1970-01-01 00:00:00'),
(147, 7, 11, 0, '2022-03-31 19:19:59', '1970-01-01 00:00:00'),
(148, 133, 15, 0, '2022-03-31 19:19:59', '1970-01-01 00:00:00'),
(149, 188, 14, 0, '2022-03-31 19:19:59', '1970-01-01 00:00:00'),
(150, 33, 16, 0, '2022-03-31 19:19:59', '1970-01-01 00:00:00'),
(151, 144, 17, 0, '2022-03-31 19:19:59', '1970-01-01 00:00:00'),
(152, 159, 16, 0, '2022-03-31 19:19:59', '1970-01-01 00:00:00'),
(153, 109, 19, 0, '2022-03-31 19:19:59', '1970-01-01 00:00:00'),
(154, 58, 14, 0, '2022-03-31 19:19:59', '1970-01-01 00:00:00'),
(155, 126, 19, 0, '2022-03-31 19:19:59', '1970-01-01 00:00:00'),
(156, 158, 14, 0, '2022-03-31 19:19:59', '1970-01-01 00:00:00'),
(157, 57, 19, 0, '2022-03-31 19:19:59', '1970-01-01 00:00:00'),
(158, 58, 19, 0, '2022-03-31 19:19:59', '1970-01-01 00:00:00'),
(159, 19, 17, 0, '2022-03-31 19:19:59', '1970-01-01 00:00:00'),
(160, 146, 14, 0, '2022-03-31 19:19:59', '1970-01-01 00:00:00'),
(161, 10, 15, 0, '2022-03-31 19:19:59', '1970-01-01 00:00:00'),
(162, 15, 12, 0, '2022-03-31 19:19:59', '1970-01-01 00:00:00'),
(163, 78, 18, 0, '2022-03-31 19:19:59', '1970-01-01 00:00:00'),
(164, 99, 13, 0, '2022-03-31 19:19:59', '1970-01-01 00:00:00'),
(165, 189, 18, 0, '2022-03-31 19:19:59', '1970-01-01 00:00:00'),
(166, 194, 18, 0, '2022-03-31 19:19:59', '1970-01-01 00:00:00'),
(167, 73, 11, 0, '2022-03-31 19:19:59', '1970-01-01 00:00:00'),
(168, 64, 19, 0, '2022-03-31 19:19:59', '1970-01-01 00:00:00'),
(169, 97, 18, 1, '2022-03-31 19:19:59', '2022-03-31 14:48:32'),
(170, 149, 14, 0, '2022-03-31 19:19:59', '1970-01-01 00:00:00'),
(171, 166, 13, 0, '2022-03-31 19:19:59', '1970-01-01 00:00:00'),
(172, 6, 17, 0, '2022-03-31 19:19:59', '1970-01-01 00:00:00'),
(173, 24, 13, 0, '2022-03-31 19:19:59', '1970-01-01 00:00:00'),
(174, 64, 12, 0, '2022-03-31 19:19:59', '1970-01-01 00:00:00'),
(175, 189, 16, 0, '2022-03-31 19:19:59', '1970-01-01 00:00:00'),
(176, 161, 16, 0, '2022-03-31 19:19:59', '1970-01-01 00:00:00'),
(177, 37, 15, 0, '2022-03-31 19:19:59', '1970-01-01 00:00:00'),
(178, 192, 15, 0, '2022-03-31 19:19:59', '1970-01-01 00:00:00'),
(179, 176, 17, 0, '2022-03-31 19:19:59', '1970-01-01 00:00:00'),
(180, 13, 19, 0, '2022-03-31 19:19:59', '1970-01-01 00:00:00'),
(181, 37, 12, 0, '2022-03-31 19:19:59', '1970-01-01 00:00:00'),
(182, 133, 17, 0, '2022-03-31 19:19:59', '1970-01-01 00:00:00'),
(183, 171, 13, 0, '2022-03-31 19:19:59', '1970-01-01 00:00:00'),
(184, 98, 13, 0, '2022-03-31 19:19:59', '1970-01-01 00:00:00'),
(185, 132, 11, 0, '2022-03-31 19:19:59', '1970-01-01 00:00:00'),
(186, 120, 13, 0, '2022-03-31 19:19:59', '1970-01-01 00:00:00'),
(187, 112, 18, 0, '2022-03-31 19:19:59', '1970-01-01 00:00:00'),
(188, 49, 19, 0, '2022-03-31 19:19:59', '1970-01-01 00:00:00'),
(189, 90, 18, 0, '2022-03-31 19:19:59', '1970-01-01 00:00:00'),
(190, 118, 11, 0, '2022-03-31 19:19:59', '1970-01-01 00:00:00'),
(191, 174, 19, 0, '2022-03-31 19:19:59', '1970-01-01 00:00:00'),
(192, 183, 16, 0, '2022-03-31 19:19:59', '1970-01-01 00:00:00'),
(193, 83, 18, 0, '2022-03-31 19:19:59', '1970-01-01 00:00:00'),
(194, 123, 13, 0, '2022-03-31 19:19:59', '1970-01-01 00:00:00'),
(195, 184, 13, 0, '2022-03-31 19:19:59', '1970-01-01 00:00:00'),
(196, 96, 18, 0, '2022-03-31 19:19:59', '1970-01-01 00:00:00'),
(197, 186, 13, 0, '2022-03-31 19:19:59', '1970-01-01 00:00:00'),
(198, 40, 17, 0, '2022-03-31 19:19:59', '1970-01-01 00:00:00'),
(199, 195, 13, 0, '2022-03-31 19:19:59', '1970-01-01 00:00:00'),
(200, 114, 19, 0, '2022-03-31 19:19:59', '1970-01-01 00:00:00'),
(201, 97, 17, 0, '2022-03-31 14:55:03', '1970-01-01 00:00:00'),
(202, 97, 14, 0, '2022-03-31 14:55:09', '1970-01-01 00:00:00'),
(203, 97, 13, 0, '2022-03-31 14:55:14', '1970-01-01 00:00:00'),
(204, 97, 12, 0, '2022-03-31 14:55:18', '1970-01-01 00:00:00'),
(205, 97, 11, 0, '2022-03-31 14:55:22', '1970-01-01 00:00:00'),
(206, 97, 16, 0, '2022-03-31 14:57:32', '1970-01-01 00:00:00'),
(207, 97, 19, 0, '2022-03-31 14:57:40', '1970-01-01 00:00:00');

-- --------------------------------------------------------

--
-- 表的结构 `user`
--

DROP TABLE IF EXISTS `user`;
CREATE TABLE IF NOT EXISTS `user` (
  `id` bigint NOT NULL AUTO_INCREMENT,
  `uname` varchar(255) CHARACTER SET utf8mb4 COLLATE utf8mb4_general_ci NOT NULL,
  `password` varchar(255) CHARACTER SET utf8mb4 COLLATE utf8mb4_general_ci NOT NULL,
  `email` varchar(255) CHARACTER SET utf8mb4 COLLATE utf8mb4_general_ci NOT NULL,
  `user_role` enum('PUBLISHER','WORKER','ADMINISTRATOR') CHARACTER SET utf8mb4 COLLATE utf8mb4_general_ci NOT NULL,
  `create_time` datetime NOT NULL,
  `credit` int NOT NULL,
  `level` int NOT NULL,
  `prefer_types` enum('FUNCTION','PERFORMANCE') NOT NULL,
  PRIMARY KEY (`id`)
) ENGINE=InnoDB AUTO_INCREMENT=20 DEFAULT CHARSET=utf8mb4 COLLATE=utf8mb4_0900_ai_ci;

--
-- 转存表中的数据 `user`
--

INSERT INTO `user` (`id`, `uname`, `password`, `email`, `user_role`, `create_time`, `credit`, `level`, `prefer_types`) VALUES
(1, 'admin', '44b9dee66148a41be7f3cc1b668fefae', 'admin@collect.com', 'ADMINISTRATOR', '2022-03-31 02:39:56', 0, 0, 'FUNCTION'),
(2, 'publisher1', '1287ff5583635cb29ddf46d027bd8f4b', 'publisher1@collect.com', 'PUBLISHER', '2022-03-31 03:07:36', 0, 0, 'FUNCTION'),
(3, 'publisher2', 'c411eda5272df708f66a0300678cbd28', 'publisher2@collect.com', 'PUBLISHER', '2022-03-31 03:08:41', 0, 0, 'FUNCTION'),
(4, 'publisher3', '9fcb01d0dc2bba50a5661f810264504c', 'publisher3@collect.com', 'PUBLISHER', '2022-03-31 03:08:53', 0, 0, 'FUNCTION'),
(5, 'publisher4', '695a358a9b4764dc1a67edc8c151a8c7', 'publisher4@collect.com', 'PUBLISHER', '2022-03-31 03:09:04', 0, 0, 'FUNCTION'),
(6, 'publisher5', 'c4e13bebb58884e4dc10f9b2e865c2bf', 'publisher5@collect.com', 'PUBLISHER', '2022-03-31 03:09:12', 0, 0, 'FUNCTION'),
(7, 'publisher6', '2a0a0ea9ced96983f29c44ff61918b17', 'publisher6@collect.com', 'PUBLISHER', '2022-03-31 03:09:21', 0, 0, 'FUNCTION'),
(8, 'publisher7', '36686c9d269e2f857e6315f8d8288ff6', 'publisher7@collect.com', 'PUBLISHER', '2022-03-31 03:09:30', 0, 0, 'FUNCTION'),
(9, 'publisher8', 'bbe84bbe0fb286b3a33da3bfbf83e611', 'publisher8@collect.com', 'PUBLISHER', '2022-03-31 03:09:39', 0, 0, 'FUNCTION'),
(10, 'publisher9', '764fb4302d16a882e97f82d7448486ea', 'publisher9@collect.com', 'PUBLISHER', '2022-03-31 03:09:56', 0, 0, 'FUNCTION'),
(11, 'worker1', 'b5b69b5222eada47ca016c75a3cf835b', 'worker1@collect.com', 'WORKER', '2022-03-31 03:10:30', 0, 0, 'FUNCTION'),
(12, 'worker2', '2d13e459315ff22d85aad02d19ecf19c', 'worker2@collect.com', 'WORKER', '2022-03-31 03:10:38', 0, 0, 'FUNCTION'),
(13, 'worker3', 'cfc5f987b9b60526a25f5d6ea15b8114', 'worker3@collect.com', 'WORKER', '2022-03-31 03:10:46', 0, 0, 'FUNCTION'),
(14, 'worker4', 'f1fac60efc8af57c211c2bf6d2f6702f', 'worker4@collect.com', 'WORKER', '2022-03-31 03:11:53', 0, 0, 'PERFORMANCE'),
(15, 'worker5', '3093ed504c8558341813c28c69b43d7a', 'worker5@collect.com', 'WORKER', '2022-03-31 03:12:00', 0, 0, 'PERFORMANCE'),
(16, 'worker6', '7e999f1dc01d0279799b0fffcf03de2b', 'worker6@collect.com', 'WORKER', '2022-03-31 03:12:09', 0, 0, 'PERFORMANCE'),
(17, 'worker7', '2f7b43079d69e9fcff2bbf3ac258aca0', 'worker7@collect.com', 'WORKER', '2022-03-31 03:12:23', 0, 0, 'PERFORMANCE'),
(18, 'worker8', '78d085a03bb6663b8dd719e038b334f6', 'worker8@collect.com', 'WORKER', '2022-03-31 03:13:02', 0, 0, 'FUNCTION'),
(19, 'worker9', 'f4794ef735f5d736fe0bb13dd0d79526', 'worker9@collect.com', 'WORKER', '2022-03-31 03:13:11', 0, 0, 'FUNCTION');

-- --------------------------------------------------------

--
-- 表的结构 `user_device`
--

DROP TABLE IF EXISTS `user_device`;
CREATE TABLE IF NOT EXISTS `user_device` (
  `id` bigint UNSIGNED NOT NULL AUTO_INCREMENT,
  `user_id` bigint NOT NULL,
  `operating_system` enum('WINDOWS','LINUX','MACOS','ANDROID','IOS','IPADOS','OTHER') NOT NULL,
  `device_brand` enum('LENOVO','DELL','HP','ASUS','GIGABYTE','MSI','HUAWEI','XIAOMI','SAMSUNG','APPLE','OPPO','VIVO','ONEPLUS','IQOO','REALME','PIXEL','LG','NOKIA','OTHER') CHARACTER SET utf8mb4 COLLATE utf8mb4_0900_ai_ci NOT NULL,
  PRIMARY KEY (`id`),
  UNIQUE KEY `id` (`id`),
  KEY `user_id` (`user_id`)
) ENGINE=InnoDB AUTO_INCREMENT=33 DEFAULT CHARSET=utf8mb4 COLLATE=utf8mb4_0900_ai_ci;

--
-- 转存表中的数据 `user_device`
--

INSERT INTO `user_device` (`id`, `user_id`, `operating_system`, `device_brand`) VALUES
(1, 11, 'LINUX', 'ASUS'),
(2, 14, 'LINUX', 'ASUS'),
(3, 19, 'LINUX', 'ASUS'),
(4, 15, 'LINUX', 'ASUS'),
(5, 16, 'LINUX', 'ASUS'),
(6, 16, 'LINUX', 'DELL'),
(7, 15, 'LINUX', 'DELL'),
(8, 19, 'LINUX', 'DELL'),
(9, 13, 'LINUX', 'DELL'),
(10, 13, 'LINUX', 'LENOVO'),
(11, 17, 'LINUX', 'LENOVO'),
(12, 17, 'WINDOWS', 'LENOVO'),
(13, 18, 'WINDOWS', 'LENOVO'),
(14, 16, 'WINDOWS', 'LENOVO'),
(15, 12, 'WINDOWS', 'LENOVO'),
(16, 11, 'WINDOWS', 'LENOVO'),
(17, 19, 'WINDOWS', 'LENOVO'),
(18, 15, 'WINDOWS', 'LENOVO'),
(19, 15, 'ANDROID', 'XIAOMI'),
(20, 11, 'ANDROID', 'XIAOMI'),
(21, 16, 'ANDROID', 'XIAOMI'),
(22, 17, 'ANDROID', 'XIAOMI'),
(23, 11, 'IOS', 'APPLE'),
(24, 13, 'IOS', 'APPLE'),
(25, 11, 'IPADOS', 'APPLE'),
(26, 16, 'IPADOS', 'APPLE'),
(27, 17, 'IPADOS', 'APPLE'),
(28, 18, 'IPADOS', 'APPLE'),
(29, 18, 'MACOS', 'APPLE'),
(30, 11, 'MACOS', 'APPLE'),
(31, 12, 'MACOS', 'APPLE'),
(32, 15, 'MACOS', 'APPLE');

--
-- 限制导出的表
--

--
-- 限制表 `additional_report`
--
ALTER TABLE `additional_report`
  ADD CONSTRAINT `additional_report_report_con` FOREIGN KEY (`defect_report_id`) REFERENCES `defect_report` (`id`) ON DELETE RESTRICT ON UPDATE RESTRICT,
  ADD CONSTRAINT `additional_report_test_record` FOREIGN KEY (`test_record_id`) REFERENCES `test_record` (`id`) ON DELETE RESTRICT ON UPDATE RESTRICT;

--
-- 限制表 `defect_report`
--
ALTER TABLE `defect_report`
  ADD CONSTRAINT `defect_report_test_record` FOREIGN KEY (`test_record_id`) REFERENCES `test_record` (`id`) ON DELETE RESTRICT ON UPDATE RESTRICT;

--
-- 限制表 `message`
--
ALTER TABLE `message`
  ADD CONSTRAINT `message_user_id` FOREIGN KEY (`user_id`) REFERENCES `user` (`id`) ON DELETE RESTRICT ON UPDATE RESTRICT;

--
-- 限制表 `remark`
--
ALTER TABLE `remark`
  ADD CONSTRAINT `remark_defect_report` FOREIGN KEY (`defect_report_id`) REFERENCES `defect_report` (`id`) ON DELETE RESTRICT ON UPDATE RESTRICT,
  ADD CONSTRAINT `remark_user_id` FOREIGN KEY (`user_id`) REFERENCES `user` (`id`) ON DELETE RESTRICT ON UPDATE RESTRICT;

--
-- 限制表 `similarity`
--
ALTER TABLE `similarity`
  ADD CONSTRAINT `sim_report_1` FOREIGN KEY (`defect_report_id_1`) REFERENCES `defect_report` (`id`) ON DELETE RESTRICT ON UPDATE RESTRICT,
  ADD CONSTRAINT `sim_report_2` FOREIGN KEY (`defect_report_id_2`) REFERENCES `defect_report` (`id`) ON DELETE RESTRICT ON UPDATE RESTRICT;

--
-- 限制表 `task`
--
ALTER TABLE `task`
  ADD CONSTRAINT `USER_ID_TASK` FOREIGN KEY (`user_id`) REFERENCES `user` (`id`) ON DELETE RESTRICT ON UPDATE RESTRICT;

--
-- 限制表 `task_ratings`
--
ALTER TABLE `task_ratings`
  ADD CONSTRAINT `task_rating_task` FOREIGN KEY (`task_id`) REFERENCES `task` (`id`) ON DELETE RESTRICT ON UPDATE RESTRICT,
  ADD CONSTRAINT `task_rating_user` FOREIGN KEY (`user_id`) REFERENCES `user` (`id`) ON DELETE RESTRICT ON UPDATE RESTRICT;

--
-- 限制表 `test_record`
--
ALTER TABLE `test_record`
  ADD CONSTRAINT `test_record_task_id` FOREIGN KEY (`task_id`) REFERENCES `task` (`id`) ON DELETE RESTRICT ON UPDATE RESTRICT,
  ADD CONSTRAINT `test_record_user_id` FOREIGN KEY (`user_id`) REFERENCES `user` (`id`) ON DELETE RESTRICT ON UPDATE RESTRICT;

--
-- 限制表 `user_device`
--
ALTER TABLE `user_device`
  ADD CONSTRAINT `user_device_user_id` FOREIGN KEY (`user_id`) REFERENCES `user` (`id`) ON DELETE RESTRICT ON UPDATE RESTRICT;
COMMIT;

/*!40101 SET CHARACTER_SET_CLIENT=@OLD_CHARACTER_SET_CLIENT */;
/*!40101 SET CHARACTER_SET_RESULTS=@OLD_CHARACTER_SET_RESULTS */;
/*!40101 SET COLLATION_CONNECTION=@OLD_COLLATION_CONNECTION */;
